IdentityKey,IdentityName,Isomorphism,ShapeCode,_2001_16_1,_2001_16_2,_2001_16_3,_2001_2_1,_2001_2_2,_2001_2_3,_2001_32_1,_2001_32_2,_2001_32_3,_2001_4_1,_2001_4_2,_2001_4_3,_2001_4_4,_2001_4_5,_2001_4_6,_2001_4_7,_2001_4_8,_2001_4_9,_2001_8_1,_2001_8_2,_2001_8_3,_2001_8_4,_2001_8_5,_2001_8_6,_2001_8_7,_2001_8_8,_2001_8_9,_2002_16384_1,_2002_16384_2,_2002_16384_3,_2002_32768_1,_2002_32768_2,_2002_32768_3,_2002_8192_1,_2002_8192_2,_2002_8192_3,_2006_549755813888_1,_2006_549755813888_2,_2006_549755813888_3,_2006_549755813888_4,_2006_549755813888_5,_2006_549755813888_6,_2008_16_1,_2008_16_2,_2008_16_3,_2008_16_Offset_1,_2008_16_Offset_2,_2008_16_Offset_3,_2008_16_Offset_4,_2008_16_Offset_5,_2008_16_Offset_6,_2008_2_1,_2008_2_2,_2008_2_3,_2008_2_Offset_1,_2008_2_Offset_2,_2008_2_Offset_3,_2008_2_Offset_4,_2008_2_Offset_5,_2008_2_Offset_6,_2008_32_1,_2008_32_2,_2008_32_3,_2008_32_Offset_1,_2008_32_Offset_2,_2008_32_Offset_3,_2008_32_Offset_4,_2008_32_Offset_5,_2008_32_Offset_6,_2008_4_1,_2008_4_2,_2008_4_3,_2008_4_4,_2008_4_5,_2008_4_6,_2008_4_7,_2008_4_8,_2008_4_9,_2008_4_Offset_1,_2008_4_Offset_2,_2008_4_Offset_3,_2008_4_Offset_4,_2008_4_Offset_5,_2008_4_Offset_6,_2008_4_Offset_7,_2008_4_Offset_8,_2008_4_Offset_9,_2008_4_Offset_10,_2008_4_Offset_11,_2008_4_Offset_12,_2008_4_Offset_13,_2008_4_Offset_14,_2008_4_Offset_15,_2008_4_Offset_16,_2008_4_Offset_17,_2008_4_Offset_18,_2008_8_1,_2008_8_2,_2008_8_3,_2008_8_4,_2008_8_5,_2008_8_6,_2008_8_7,_2008_8_8,_2008_8_9,_2008_8_Offset_1,_2008_8_Offset_2,_2008_8_Offset_3,_2008_8_Offset_4,_2008_8_Offset_5,_2008_8_Offset_6,_2008_8_Offset_7,_2008_8_Offset_8,_2008_8_Offset_9,_2008_8_Offset_10,_2008_8_Offset_11,_2008_8_Offset_12,_2008_8_Offset_13,_2008_8_Offset_14,_2008_8_Offset_15,_2008_8_Offset_16,_2008_8_Offset_17,_2008_8_Offset_18,_2013_1_1,_2013_1_2,_2013_1_3,_2018_16384_1,_2018_16384_2,_2018_16384_3,_2018_16384_Offset_1,_2018_16384_Offset_2,_2018_16384_Offset_3,_2018_16384_Offset_4,_2018_16384_Offset_5,_2018_16384_Offset_6,_2018_32768_1,_2018_32768_2,_2018_32768_3,_2018_32768_Offset_1,_2018_32768_Offset_2,_2018_32768_Offset_3,_2018_32768_Offset_4,_2018_32768_Offset_5,_2018_32768_Offset_6,_2018_8192_1,_2018_8192_2,_2018_8192_3,_2018_8192_Offset_1,_2018_8192_Offset_2,_2018_8192_Offset_3,_2018_8192_Offset_4,_2018_8192_Offset_5,_2018_8192_Offset_6,_2027_1_1,_2027_1_2,_2027_1_3,_2034_1_1,_2034_1_2,_2034_1_3
7,w2,3;224,03,6.64160021437093,4.25586598604992,8.24088760160496,13.4536240470737,4.12310562561766,17.0293863659264,7.28010988928052,8.06225774829855,8.48528137423857,2.73354650156383,6.25611408846822,2.15406138930603,13.5205414147543,7.19760150287445,15.415567985912,6.20261715582065,9.94010928360256,2.00997633890589,6.32455532033676,6.40312423743285,2.23606797749979,12.369316876853,7.07106781186548,15.556349186104,10.0498756211209,10,2,2.37345630838107,4.32627744147621,4.7098138494776,4.43761003384705,4.5762848264176,4.77675442246092,2.56269054169636,11.3745278061333,6.68523618225265,165.963760375977,90,45,225,225,90,17.5256214141846,281.749969482422,228.443649291992,-6.33331298828125,-2,-0.866668701171875,4.16668701171875,5.46664428710938,6.16668701171875,41.9872131347656,255.963760375977,229.763641357422,-10,-9,1,4,11,13,344.054595947266,277.125030517578,225,-7,2,-1,8,6,6,127.568161010742,41.7605018615723,248.19889831543,210.358062744141,222.184265136719,225.525665283203,96.1700592041016,55.2442016601563,84.2890625,1.66665649414063,-2.16668701171875,-4.66665649414063,-4.16668701171875,0.79998779296875,2,11.6666564941406,6.83331298828125,5.33334350585938,4.83331298828125,10.7999877929688,11,0.666656494140625,-6.16668701171875,-5.66665649414063,-8.16668701171875,-0.20001220703125,-2,108.434951782227,38.6598091125488,243.434951782227,194.036239624023,225,225,95.7105941772461,53.1301040649414,90,2,-6,-5,-4,1,2,12,3,5,5,11,11,1,-10,-6,-8,0,-2,108.434951782227,180,180,7.31169891357422,203.108322143555,71.5892333984375,-2.66665649414063,-0.83331298828125,3.66665649414063,1.16668701171875,-1.79998779296875,-5,307.273376464844,199.548553466797,69.3123397827148,-3,3,4,1,-2,-5,74.4384918212891,215.043609619141,75.3791275024414,-1,-3,9,6,-2,-7,18,12,5,0.502988342156534,2.03562201715386,0.720919030704831
7,w2,3;224,03,6.3214929024208,4.54729103623696,5.11259800024893,6.40312423743285,5.09901951359278,9.8488578017961,10.295630140987,7.07106781186548,6.32455532033676,3.2249182403582,3.41970020634587,2.63523460032651,9.30593439907071,3.00463734833873,7.72081772483746,6.22895480240727,7.48515059194499,2.50554871974968,6.32455532033676,4.24264068711928,3.16227766016838,12.5299640861417,2.23606797749979,8.06225774829855,7.61577310586391,8.24621125123532,2,2.03623978153152,4.50943398288783,2.97937011031051,5.12635764569381,5.31001221498427,3.46833672040283,1.20256753994356,7.51307059219346,5.18291535327557,213.690063476563,153.434951782227,45,180,296.565063476563,90,25.6192016601563,332.496154785156,250.974426269531,-5.70001220703125,-2.73333740234375,-4.03335571289063,2.0999755859375,1.66665649414063,4.83331298828125,38.6598091125488,281.309936523438,246.037506103516,-5,-4,-1,5,4,9,29.0546035766602,351.869903564453,251.565048217773,-9,-5,-7,1,2,6,187.125427246094,43.0248184204102,288.435150146484,208.21745300293,213.690383911133,237.339157104492,132.397674560547,78.4398345947266,93.8138427734375,3.20001220703125,0.4000244140625,-2.5,-2.33331298828125,-0.833343505859375,2.5,8.20001220703125,4.4000244140625,2.5,1.66668701171875,4.16665649414063,6.5,4.20001220703125,-4.5999755859375,-1.5,-7.33331298828125,0.166656494140625,-2.5,198.434951782227,45,288.434936523438,208.610458374023,206.565048217773,240.255111694336,156.801406860352,75.963752746582,90,6,2,-3,-3,-1,3,11,6,2,1,4,7,7,-3,-2,-8,0,-2,198.434951782227,45,0,3.04984140396118,215.59928894043,132.166152954102,-2.20001220703125,-0.4000244140625,3.5,2.33331298828125,1.83334350585938,-2.5,19.4656143188477,218.308975219727,128.659881591797,-5,-2,4,3,2,-3,194.037307739258,214.835998535156,114.710792541504,1,0,6,4,2,-5,15,6,6,0.460706237652514,1.03280952692321,0.835240658487725
7,w2,3;224,03,5.40527098292956,4.75385477991068,6.00988997639767,6.70820393249937,5.8309518948453,12.0415945787923,8,7.81024967590665,6.70820393249937,2.74551283238952,3.38664036300388,3.21374003304561,8.56377578827692,3.32277988308766,9.11472023706707,6.36166834338706,8.89850798035559,2.928843628465,5.3851648071345,3.60555127546399,4,11.0453610171873,3.16227766016838,9.21954445729289,7.28010988928052,9.21954445729289,3.16227766016838,1.96626899798728,4.01146433561202,3.34734420590642,4.58123209147707,4.1751674713093,4.29326746008117,0.808896441172681,7.32490214147802,5.6753834685457,180,108.434951782227,26.5650520324707,180,270,0,2.52465319633484,290.309539794922,231.393264770508,-5.4000244140625,-0.23809814453125,-1.6500244140625,4.45831298828125,3.75,4.6964111328125,26.5650520324707,239.036239624023,221.633544921875,-6,-3,3,5,9,8,0,309.805572509766,243.434951782227,-8,0,-5,6,3,6,150.946014404297,27.6457138061523,256.504272460938,191.222564697266,205.463623046875,222.220840454102,84.5883331298828,47.6024856567383,39.8055725097656,2.4000244140625,-1.33331298828125,-3,-1.5714111328125,0.75,3.125,8.4000244140625,1.66668701171875,3,1.4285888671875,6.75,6.125,-0.5999755859375,-6.33331298828125,-6,-6.5714111328125,-2.25,-1.875,158.198593139648,33.6900672912598,270,185.194427490234,198.434951782227,229.398712158203,105.94539642334,49.3987045288086,18.4349479675293,5,-2,-3,-2,0,4,11,1,3,1,6,7,2,-7,-6,-7,-3,-1,158.198593139648,90,333.434936523438,325.592681884766,199.653533935547,90.4753570556641,-2.4000244140625,0.33331298828125,3,0.5714111328125,-0.75,-4.125,337.166442871094,205.201080322266,100.437370300293,-5,1,3,1,0,-5,164.054016113281,202.285552978516,66.9486618041992,0,-1,6,2,-3,-6,15,7,8,0.495285263401191,1.08084855885104,0.802055984667579
7,w2,3;224,03,9.47575481925373,5.73821073771833,10.8065362402054,15.2643375224737,8.06225774829855,21.2602916254693,13.3416640641263,9.48683298050514,11.6619037896906,2.62670034801951,7.98088481522658,4.02461711479597,16.5214414140526,7.30486319790893,18.0209170444746,9.54337185274934,14.2838376680661,4.03839409977328,5.8309518948453,10.1980390271856,4,16.2788205960997,6.70820393249937,17.6918060129541,13.1529464379659,14.8660687473185,4.12310562561766,4.25000193901316,5.48850246574148,5.97133641203776,6.21224247737907,7.94840239549569,5.79796789361662,2.50983924256796,12.7578331122039,9.90353132331956,180,90,51.3401908874512,236.309936523438,270,90,14.4389457702637,287.56787109375,226.458114624023,-9.17645263671875,-2.36276245117188,-1.73199462890625,5.4705810546875,7.4444580078125,7.83334350585938,31.6075019836426,262.874969482422,228.814071655273,-13,-8,1,8,14,16,347.00537109375,288.434936523438,210.963760375977,-13,3,-3,9,10,6,145.953979492188,28.7060165405273,263.659606933594,203.278991699219,214.777770996094,221.750854492188,97.0811080932617,55.9391136169434,82.0930252075195,2.17645263671875,-1.4705810546875,-7,-3.83334350585938,0.4444580078125,4,15.1764526367188,6.5294189453125,6,4.16665649414063,13.4444580078125,12,1.17645263671875,-9.4705810546875,-8,-11.8333435058594,-0.5555419921875,-4,120.963752746582,11.3099327087402,270,190.619659423828,243.434951782227,222.709396362305,98.7461624145508,42.2736892700195,75.963752746582,3,-5,-10,-2,0,4,16,3,3,6,13,12,2,-13,-11,-10,-1,-4,120.963752746582,333.434936523438,0,359.245849609375,206.147598266602,65.0630493164063,-5.17645263671875,-0.5294189453125,4,1.83334350585938,-3.4444580078125,-6,324.750091552734,184.223358154297,69.048942565918,-6,3,7,0,-3,-6,34.3078079223633,211.076461791992,71.921989440918,-3,-2,10,6,-4,-10,17,18,9,0.370342061986809,2.07695892264615,1.22848514047838
8,w3,3;224,03,42.389533662299,9.18634008384997,40.9422924016183,85.2115015710907,2.23606797749979,86.3712915267567,18.4390889145858,19.4164878389476,20.5182845286832,8.6472635068924,40.0912690096083,1.06066017177982,87.6197751381456,45.2923410138151,86.015260273977,10.3727240136003,41.3979049635497,1.2747548783982,18.6815416922694,19.1049731745428,1.4142135623731,90.7964757025293,72.4430811050993,86.2844134244419,20.3960780543711,21.2602916254693,1,29.8421801064915,12.5476639045033,28.7979124032933,34.2620123993182,16.1633581286434,29.1017501336008,27.8934302773145,57.816336405637,29.3668496921024,144.462326049805,71.5650482177734,6.34019184112549,200.556045532227,180,90,356.299377441406,281.559967041016,188.800628662109,-42.3011474609375,2.7359619140625,-1.84088134765625,9,40.4602661132813,6.2640380859375,4.03771066665649,243.434951782227,185.314544677734,-85,-6,1,2,86,8,347.47119140625,281.888671875,226.97492980957,-18,4,-4,19,14,15,107.434700012207,7.90535545349121,225,178.528533935547,180.614761352539,184.500885009766,98.8223648071289,10.4575910568237,78.690071105957,2.59088134765625,-8.25,-39.7102661132813,-5.5140380859375,0.75,0.75,87.5908813476563,-2.25,45.2897338867188,0.4859619140625,85.75,6.75,1.59088134765625,-10.25,-40.7102661132813,-7.5140380859375,-0.25,-1.25,105.524108886719,47.1210975646973,225,172.405349731445,173.659805297852,184.653350830078,101.309928894043,48.8140754699707,90,5,-18,-13,-14,1,1,90,-12,72,-8,86,7,4,-20,-14,-16,0,-1,105.524108886719,159.227752685547,180,356.157196044922,176.637481689453,14.0679931640625,-30.5908813476563,1.25,11.7102661132813,-1.4859619140625,-28.75,-7.75,339.943572998047,331.348571777344,14.4257936477661,-33,11,-15,7,-29,-8,12.9480266571045,179.752243041992,16.3156585693359,-28,-7,57,-1,-29,-9,44,107,4,1.51092489665934,11.4347973591682,0.343949152306847
8,w3,3;224,03,22.5516517332553,7.75397614896771,21.3152165339547,29.0688837074973,10.295630140987,35.7351367704113,36.2353418639869,11.0453610171873,31.3847096529504,3.13871988237243,20.4744984261599,5.10001148901608,29.7065070733669,15.1105628366492,32.0657376837602,12.8102132105598,23.4699282506761,5.19710237030896,6.32455532033676,31.0644491340181,5.8309518948453,31.2569992161756,19.2353840616713,32.7566787083184,15.2970585407784,32.0156211871642,4.47213595499958,15.6354958780077,7.00477629399357,14.5565703062885,18.4754148600671,17.7649382055469,15.1137253675579,13.4724885020952,18.6951610068461,17.3519867027622,135,75.963752746582,321.009002685547,225,251.565048217773,63.4349479675293,328.153625488281,257.240600585938,168.260803222656,-19.1568603515625,11.8992309570313,1.7125244140625,7.5625,20.869384765625,-4.33673095703125,3.94518613815308,240.945388793945,197.927917480469,-29,-2,5,9,34,11,320.599334716797,264.805572509766,157.520568847656,-28,23,1,11,29,-12,102.652557373047,334.431060791016,241.927276611328,177.950286865234,225.820709228516,191.695388793945,70.3273696899414,0.398582488298416,59.9818649291992,0.6875,-3.0625,-18.4693603515625,8.83673095703125,2.4000244140625,4.5,29.6875,-1.0625,10.5306396484375,10.8367309570313,31.4000244140625,6.5,-4.3125,-12.0625,-23.4693603515625,-0.16326904296875,-2.5999755859375,-4.5,108.434951782227,326.821502685547,239.036239624023,172.647613525391,261.027374267578,192.339080810547,78.690071105957,345.529693603516,63.4349479675293,2,-6,-26,17,3,5,31,-4,3,19,32,7,-3,-15,-31,8,-2,-4,108.434951782227,303.690063476563,180,324.764068603516,155.737228393555,354.250335693359,-13.6875,8.0625,5.4693603515625,-3.83673095703125,-15.4000244140625,0.5,319.665008544922,141.571044921875,356.364624023438,-15,11,13,-12,-16,0,333.751983642578,205.194244384766,10.0957269668579,-13,5,16,7,-18,-4,16,49,10,0.523287833257189,3.5998550926338,1.6111440395654
8,w3,3;224,03,18.6404051325133,15.4200205452948,23.4545564314445,28.6530975637888,10.0498756211209,35.3836120259083,36.4005494464026,24.1660919471891,32.7566787083184,7.47602066679605,15.8501215540056,9.65160012736346,25.7165621459034,19.4039540334999,38.2389385192128,17.5111506397813,18.0051280402961,7.91240153374547,15.8113883008419,22.0227155455452,16.5529453572468,30.0166620396073,29.1204395571221,45.1774279923061,25.3179778023443,18.4390889145858,14.3178210632764,8.86420258673998,11.3839908710271,13.4455255597729,17.9546897241495,18.5888370750666,20.6645322024749,4.52682501176702,24.9327966964811,11.2290482758034,36.8698959350586,124.99201965332,315,256.504272460938,190.304840087891,189.462326049805,325.960601806641,239.463653564453,186.972381591797,-15.4464263916016,10.4342041015625,7.83467864990234,13.2813720703125,23.2811050415039,2.84716796875,29.2488269805908,264.289398193359,222.709396362305,-25,-14,1,10,26,24,307.184692382813,245.556045532227,167.660919189453,-22,29,10,22,32,-7,89.0419616699219,349.239685058594,216.984527587891,194.698257446289,240.92790222168,211.195785522461,86.3165054321289,23.0193862915039,147.994277954102,-0.125,-7.4749755859375,-15.5714263916016,2.959228515625,7.70967864990234,5.806396484375,24.875,6.5250244140625,9.42857360839844,16.959228515625,32.7096786499023,19.806396484375,-1.125,-17.4749755859375,-16.5714263916016,-7.040771484375,6.70967864990234,-4.193603515625,108.434951782227,320.527526855469,205.016891479492,178.090850830078,254.054611206055,207.699478149414,99.0902786254883,347.47119140625,167.905242919922,5,-15,-17,14,15,7,30,-1,8,28,40,21,4,-25,-18,4,14,-3,108.434951782227,283.392486572266,188.130096435547,299.733673095703,166.088043212891,24.539623260498,-4.875,7.4749755859375,10.5714263916016,-2.959228515625,-12.7096786499023,-5.806396484375,302.025726318359,132.167251586914,19.1470336914063,-10,15,12,-14,-20,-7,357.186889648438,214.779525756836,60.5473480224609,-5,0,20,14,-6,-10,40,49,31,1.34455561054568,3.56611257460524,1.30618182704983
8,w3,3;224,03,20.2529471163861,22.3172989952494,18.5632866371052,10.1980390271856,29,35.5105618091294,40.4969134626332,33.6154726279432,30.2324329156619,16.1670118086963,5.04033179006812,14.959147628235,25.0931702400778,5.18261848853659,22.4416664418043,34.2758257633573,32.244040347223,14.0804217088021,35.4682957019364,5.09901951359278,26.9072480941474,45.5411901469428,5.09901951359278,34,36.4005494464026,32.0156211871642,3,5.53505303179623,16.4088056659395,16.9257190601079,24.1353618496163,16.5722205617199,26.6502813000112,11.7535605148388,21.5204740634728,29.4413179784334,164.054611206055,75.963752746582,0,153.434951782227,220.364532470703,135,321.320495605469,269.893920898438,211.357559204102,-15.810546875,12.6573486328125,0.04132080078125,22.3172607421875,15.8518676757813,9.659912109375,348.690063476563,226.397186279297,212.347442626953,-10,2,20,21,30,19,339.775146484375,292.7509765625,214.215698242188,-38,14,-13,31,25,17,131.965225219727,352.746917724609,223.495071411133,146.030090332031,164.744766235352,201.69596862793,74.4485855102539,39.1643981933594,49.4805717468262,10.810546875,-12.02099609375,-5,0.6363525390625,10.8518676757813,10.2962646484375,20.810546875,-14.02099609375,5,-1.3636474609375,20.8518676757813,8.2962646484375,-9.189453125,-33.02099609375,-25,-20.3636474609375,-9.14813232421875,-10.7037353515625,158.498565673828,348.690063476563,221.987213134766,160.769332885742,168.690063476563,208.072494506836,110.924499511719,38.6598091125488,90,33,-13,-5,1,20,18,43,-15,5,-1,30,16,13,-34,-25,-20,0,-3,158.498565673828,180,214.99201965332,281.249328613281,153.862045288086,86.2021713256836,-1.810546875,5.02099609375,14,-7.6363525390625,-1.85186767578125,-17.2962646484375,344.603881835938,152.733291625977,67.3356018066406,-24,6,14,-8,-11,-25,145.88362121582,156.468017578125,69.5858688354492,9,-7,19,-9,-11,-28,95,11,27,3.73702422125226,1.60741429824426,4.48542699919021
8,w3,3;224,03,8.45966164668188,17.84135880123,17.0905684426469,5,20.0249843945008,20.3960780543711,17.464249196573,22.0227155455452,24.0831891575846,6.43723101308555,2.52212163627312,15.5803017587669,10.9058673710911,2.52212163627312,18.3021168879923,24.5344037333971,20.3885658416527,9.74517619872697,14.560219778561,3,22.2036033111745,19.4164878389476,2,25.4558441227157,28.3019433961698,20.0997512422418,14.142135623731,8.22345138837108,9.370509766092,9.63572245018123,11.9939840810027,9.64268565064844,15.4336704458862,7.12682883838222,11.4502336832473,16.8258381058262,175.601287841797,90,26.5650520324707,180,227.290603637695,209.744888305664,336.364196777344,265.266906738281,237.343200683594,-7.75,3.39166259765625,1.47216796875,17.780517578125,9.22216796875,14.3888549804688,0,272.862396240234,258.690063476563,-5,0,-1,20,4,20,346.759490966797,272.602569580078,228.366455078125,-17,4,-1,22,16,18,144.643569946289,7.59418535232544,244.440200805664,160.028228759766,172.405807495117,230.172256469727,104.758438110352,85.7808990478516,142.411239624023,5.25,-3.7249755859375,-2.5,-0.33331298828125,6.72216796875,14.0555419921875,10.25,-3.7249755859375,2.5,-0.33331298828125,11.72216796875,14.0555419921875,6.25,-23.7249755859375,-1.5,-20.3333129882813,7.72216796875,-5.9444580078125,164.054611206055,0,234.162353515625,168.111343383789,180,225,122.005386352539,84.2894058227539,171.869903564453,14,-4,-3,0,13,18,19,-4,2,0,18,18,15,-24,-2,-20,14,-2,164.054611206055,0,211.607498168945,268.037506103516,211.005676269531,82.9026260375977,-0.25,7.7249755859375,7.5,4.33331298828125,-1.72216796875,-10.0555419921875,314.914642333984,207.77604675293,61.059440612793,-9,8,8,4,-8,-14,219.088958740234,203.107070922852,112.841903686523,5,4,10,4,6,-16,40,6,36,1.80745047136678,0.740692376816258,2.8024933592514
8,w3,3;224,03,14.0475258778372,13.62782219175,11.4934377486398,8.06225774829855,19.1049731745428,24.6981780704569,23.7697286480094,22.6274169979695,12.2065556157337,10.2347813083153,4.00616507477394,9.32801276091135,18.0965196873937,4.07492609366581,14.1694623358841,18.5656308390923,21.8821538126698,10.5293950713563,19.9248588451713,4,10.4403065089106,27.8926513619627,4.12310562561766,14.2126704035519,20.8806130178211,22.0227155455452,10.770329614269,4.9244618819644,10.5344552677055,8.87373808783962,13.7748204804855,10.5288879002991,10.748265919916,6.52956747519755,14.5734475496867,15.5625288441648,180,131.987213134766,0,153.434951782227,281.309936523438,45,341.651428222656,292.604522705078,225.224105834961,-13.3333358764648,4.422119140625,-5.23809814453125,12.5809326171875,8.09523773193359,8.1588134765625,352.874969482422,227.12109375,211.759475708008,-8,1,13,14,21,13,345.379119873047,315,235.00798034668,-23,6,-16,16,7,10,155.772506713867,356.820953369141,243.958267211914,163.300903320313,168.995712280273,211.393157958984,78.6093444824219,39.0234069824219,32.2524490356445,9.33333587646484,-4.199951171875,-4,0.22216796875,4.09523773193359,8.3809814453125,17.3333358764648,-5.199951171875,4,-0.77783203125,12.0952377319336,7.3809814453125,-3.66666412353516,-18.199951171875,-17,-13.77783203125,-8.90476226806641,-5.6190185546875,162.474426269531,0,253.300750732422,165.465545654297,165.963760375977,219.289413452148,106.699241638184,39.4724617004395,21.8014087677002,19,-6,-4,0,3,10,27,-7,4,-1,11,9,6,-20,-17,-14,-10,-4,162.474426269531,90,323.130096435547,304.730590820313,177.959991455078,105.910064697266,-3.33333587646484,3.199951171875,10,-1.22216796875,1.90476226806641,-9.3809814453125,334.882110595703,179.16828918457,109.160675048828,-13,5,10,-1,3,-11,178.658798217773,175.462875366211,65.4249420166016,6,-1,14,-2,-7,-15,45,9,21,1.78675240623498,1.28814221215364,2.65133328438333
8,w3,3;224,03,15.9872186464,14.2807973888134,16.2234530281446,21.1896201004171,23.0217288664427,35.1140997321589,13.4164078649987,19.313207915828,13,5.77246575862739,10.4133460906651,11.6944230644727,26.7929219678472,10.8060531470315,24.4064627581622,23.7910767024338,28.0723340829805,12.0072804371522,11.1803398874989,2.23606797749979,13.3416640641263,32.310988842807,18.9736659610103,23.7697286480094,24.1867732448956,23.43074902772,11.6619037896906,8.19885458270686,10.1791755537772,8.42650894259956,13.0015767247797,3.3050263960776,9.91491882217167,3.50373597569272,20.463296476898,20.1263619860427,163.300750732422,119.74488067627,315,135,263.659820556641,0,337.132995605469,272.598510742188,209.763198852539,-14.7307739257813,6.2125244140625,-0.647445678710938,14.26611328125,14.0833282470703,8.0535888671875,340.7099609375,235.619659423828,199.983108520508,-20,7,13,19,33,12,333.434936523438,291.250518798828,247.380142211914,-12,6,-7,18,5,12,145.03889465332,343.802551269531,249.563507080078,157.373718261719,157.729843139648,189.333770751953,69.6608276367188,34.9840202331543,42.0461654663086,4.73077392578125,-3.3077392578125,-10,2.90478515625,4.08332824707031,10.9583740234375,24.7307739257813,-10.3077392578125,10,-4.09521484375,24.0833282470703,3.9583740234375,-8.26922607421875,-22.3077392578125,-23,-16.09521484375,-8.91667175292969,-8.0416259765625,153.434951782227,333.434936523438,257.00537109375,158.198593139648,161.565048217773,194.620880126953,82.8749847412109,50.1944274902344,30.9637565612793,10,-5,-2,1,3,13,30,-12,18,-6,23,6,-3,-24,-15,-18,-10,-6,153.434951782227,159.443954467773,323.130096435547,303.867553710938,183.35221862793,62.2648658752441,-4.73077392578125,6.3077392578125,10,0.09521484375,-4.08332824707031,-7.9583740234375,319.173797607422,229.149917602539,73.365837097168,-10,8,2,2,-3,-10,267.353851318359,170.151824951172,50.3659439086914,0,3,20,-4,-13,-16,26,21,24,1.0159773731887,3.15641150284145,3.34922340138236
8,w3,3;224,03,7.40309607273503,11.8329111850713,7.54941269065764,7,16.4924225024706,16.2788205960997,11.7046999107196,19.4164878389476,12,4.44794958766514,3.52003196008218,7.76109717039516,10.8681878658558,3.52003196008218,8.19967251104066,20.1700310850507,16.3826318093278,8.89853066738075,8.60232526704263,4.12310562561766,11.7046999107196,14.8660687473185,3.16227766016838,11.4017542509914,23.7065391822594,17,5,5.79541061167386,3.85461802744721,6.12396732968283,9.86015276799625,4.61888112030789,10.040011764985,1.70644181351479,6.96345477848274,14.7957226422592,170.537673950195,104.036247253418,0,180,300.963745117188,90,341.579986572266,303.458099365234,266.202514648438,-7.0238037109375,2.3392333984375,-6.5238037109375,9.8720703125,0.5,7.5328369140625,0,284.036254882813,259.380340576172,-7,0,-4,16,3,16,340.016906738281,304.508514404297,270,-11,4,-11,16,0,12,142.394500732422,6.11550378799438,292.739593505859,165.537811279297,173.884490966797,240.802322387695,111.901924133301,91.7489471435547,96.4524230957031,3.5238037109375,-2.7142333984375,-3.5,-0.375,-3,7.1578369140625,10.5238037109375,-2.7142333984375,3.5,-0.375,4,7.1578369140625,7.5238037109375,-18.7142333984375,0.5,-16.375,1,-8.8421630859375,144.462326049805,14.0362434387207,289.983093261719,160.346176147461,161.565048217773,254.744888305664,117.645973205566,90,90,7,-5,-4,-1,-4,11,14,-5,3,-1,3,11,11,-21,0,-17,0,-5,144.462326049805,45,303.690063476563,310.557647705078,212.372451782227,116.741264343262,-4.5238037109375,3.7142333984375,2.5,1.375,2,-6.1578369140625,317.283508300781,215.601318359375,111.966148376465,-8,6,3,2,3,-10,278.235900878906,194.035873413086,104.704093933105,-1,1,6,1,3,-15,21,8,19,0.81310098287311,1.0191324002892,2.55595257895577
8,w3,3;224,03,17.931365224808,12.9651012448241,18.4094765221443,27.8926513619627,18.6815416922694,40.6078810084939,27.6586333718787,21.0237960416286,22.2036033111745,4.06552071873766,15.9510458714656,9.12850537989009,28.1180397936891,14.8027068311954,32.7070350642984,22.3224251761706,25.8266151562445,9.64710054613535,9.05538513813742,21.9317121994613,12.1655250605964,28.0713376952364,17.464249196573,34.6698716467194,27.2946881279124,26.5706605111728,6.70820393249937,10.4871426527281,8.41758392105999,10.9815205323394,14.1887120979499,14.2519733838668,13.3131132569455,7.73299989180356,21.8500744202482,19.8050211441934,135,63.4349479675293,334.798889160156,206.565048217773,270,71.5650482177734,338.548706054688,267.462921142578,200.325927734375,-16.6892395019531,6.55767822265625,0.57391357421875,12.952392578125,17.2631530761719,6.39471435546875,14.5344552993774,254.475891113281,217.998733520508,-27,-7,5,18,32,25,319.398712158203,267.273681640625,187.765167236328,-21,18,1,21,22,3,103.548057556152,350.599761962891,260.374816894531,186.222290039063,220.457748413086,209.287445068359,79.5530700683594,36.5896224975586,68.8951110839844,0.952392578125,-3.952392578125,-15.7368469238281,2.60528564453125,1.52630615234375,9,27.952392578125,3.047607421875,11.2631530761719,9.60528564453125,28.5263061523438,16,-4.047607421875,-21.952392578125,-20.7368469238281,-15.3947143554688,-3.47369384765625,-9,96.3401947021484,335.772247314453,260.537689208984,175.91438293457,246.370620727539,213.231704711914,81.5730285644531,19.7988758087158,63.4349479675293,1,-9,-20,9,2,12,28,-2,7,16,29,19,-4,-27,-25,-9,-3,-6,96.3401947021484,300.256439208984,288.434936523438,322.074768066406,179.238052368164,36.335277557373,-8.952392578125,5.952392578125,7.73684692382813,-0.60528564453125,-9.52630615234375,-7,305.900695800781,152.835678100586,45.5680046081543,-9,11,12,-7,-10,-10,341.190093994141,205.751998901367,51.5329208374023,-8,2,19,9,-13,-16,21,38,19,0.763732121490116,3.28982704836316,2.79269096342113
8,w3,3;224,03,23.8909098724251,12.9651012448241,23.7738903878193,27.2946881279124,18.6815416922694,29.4278779391243,29.0688837074973,21.0237960416286,35.5105618091294,4.06552071873766,21.9843857306339,9.12850537989009,30.1662975768611,9.53728590315979,25.837807681442,22.3224251761706,30.2289610080975,9.64710054613535,9.05538513813742,28.8617393793236,12.1655250605964,33.3016516106934,20.3960780543711,26.0192236625154,27.2946881279124,41.4004830889689,6.70820393249937,15.9920733000338,8.35292877894605,15.9224248960838,18.8506044353291,17.9042391426295,17.6433342411137,13.7153331443623,14.4552620710277,23.5195610177544,135,63.4349479675293,335.772247314453,15.9453954696655,270,71.5650482177734,341.182220458984,267.462921142578,192.748321533203,-22.6139221191406,7.70623779296875,0.57391357421875,12.952392578125,23.1878356933594,5.24615478515625,331.557067871094,254.475891113281,189.782409667969,-24,13,5,18,29,5,356.054809570313,267.273681640625,212.347442626953,-29,2,1,21,30,19,103.548057556152,350.168548583984,260.374816894531,145.808227539063,104.193206787109,171.094116210938,79.5530700683594,28.117094039917,68.8951110839844,0.952392578125,-3.952392578125,-21.6615295410156,3.75384521484375,1.52630615234375,9,24.952392578125,-16.952392578125,2.33847045898438,-9.24615478515625,25.5263061523438,-4,-4.047607421875,-21.952392578125,-26.6615295410156,-14.2461547851563,-3.47369384765625,-9,96.3401947021484,14.0362434387207,260.537689208984,138.652221679688,78.690071105957,177.797409057617,81.5730285644531,37.1466865539551,63.4349479675293,1,-9,-28,-7,2,12,25,-22,-4,-20,26,-1,-4,-27,-33,-25,-3,-6,96.3401947021484,41.1859245300293,288.434936523438,333.212799072266,176.575393676758,21.1505165100098,-14.952392578125,6.952392578125,7.66152954101563,-0.75384521484375,-15.5263061523438,-6,319.450439453125,214.943115234375,29.7133636474609,-15,12,14,10,-16,-9,346.271759033203,137.611267089844,38.8239822387695,-14,3,10,-10,-19,-15,21,65,19,0.763732121490116,4.5984982709447,2.79269096342113
8,w3,3;224,03,10.9661558520991,9.18634008384997,6.14637179857987,9.48683298050514,2.23606797749979,11.1803398874989,22.2036033111745,19.4164878389476,9.05538513813742,8.6472635068924,5.28231249087193,1.06066017177982,12.724426525995,4.46123089635547,10.4462912078881,10.3727240136003,6.76286339836697,1.2747548783982,18.6815416922694,8,1.4142135623731,20.5182845286832,3.16227766016838,10.770329614269,20.3960780543711,9.21954445729289,1,2.44586309885548,8.52591751497992,7.1913081011687,12.2511088504392,11.023216360241,7.43878469070617,6.5079256141788,10.5249457252014,8.43876264272847,144.462326049805,71.5650482177734,0,270,180,90,315.643798828125,281.559967041016,192.529174804688,-7.84088134765625,7.6666259765625,-1.84088134765625,9,6,1.3333740234375,18.4349479675293,243.434951782227,206.565048217773,-9,-3,1,2,10,5,305.837646484375,281.888671875,186.340194702148,-13,18,-4,19,9,1,107.434700012207,6.34063053131104,225,155.632217407227,212.799087524414,201.037506103516,98.8223648071289,22.4572582244873,78.690071105957,2.59088134765625,-8.25,-5.25,-0.5833740234375,0.75,0.75,11.5908813476563,-5.25,3.75,2.4166259765625,9.75,3.75,1.59088134765625,-10.25,-6.25,-2.5833740234375,-0.25,-1.25,105.524108886719,0,225,133.02507019043,251.565048217773,201.801406860352,101.309928894043,12.5288076400757,90,5,-18,-8,0,1,1,14,-15,1,3,10,4,4,-20,-9,-2,0,-1,105.524108886719,345.963745117188,180,312.217620849609,136.62614440918,91.5728607177734,-2.59088134765625,1.25,5.25,-6.4166259765625,-0.75,-7.75,289.317077636719,144.260955810547,89.5947570800781,-5,11,8,-7,-1,-8,98.3705444335938,160.93083190918,89.6427841186523,0,-7,9,-4,-1,-9,44,12,4,1.51092489665934,1.43867287928198,0.343949152306847
8,w3,3;224,03,24.5891470841535,16.4173176486806,11.8112042483777,24.0416305603426,7.21110255092798,23.7065391822594,46.7546789102438,27.2946881279124,21.095023109729,13.9290508228327,11.7059734232288,3.52831344764838,37.0205956098159,12.4729002360722,23.4859958519103,19.2259425003868,13.2023448111274,3.68670829473683,25.8069758011279,21.2602916254693,3.60555127546399,49.6789693934969,3.16227766016838,23.6008474424119,29.1547594742265,21.540659228538,3.60555127546399,6.81223509601846,17.7943139118462,10.3510647406202,19.585847730777,27.2567313877244,10.3640266557301,7.3811025920122,30.245568207209,13.6508395920383,135,73.6104583740234,315,90,243.434951782227,45,303.348297119141,278.843048095703,158.55517578125,-13.5173187255859,20.5404052734375,-2.5238037109375,16.22216796875,10.9935150146484,-4.3182373046875,315,236.309936523438,152.354019165039,-17,17,4,6,21,-11,311.531768798828,298.442932128906,148.570434570313,-31,35,-13,24,18,-11,108.33177947998,321.305236816406,238.240463256836,125.277847290039,129.083877563477,143.408920288086,91.1353607177734,354.26953125,54.4623756408691,4.38095092773438,-13.22216796875,-9.13636779785156,7.3182373046875,1.85714721679688,3,21.3809509277344,-30.22216796875,7.86363220214844,-9.6817626953125,18.8571472167969,-14,0.380950927734375,-19.22216796875,-13.1363677978516,1.3182373046875,-2.14285278320313,-3,125.53768157959,318.814086914063,236.309936523438,130.10090637207,108.434951782227,143.615646362305,112.166343688965,338.198577880859,56.3099327087402,15,-21,-16,14,2,3,32,-38,1,-3,19,-14,11,-27,-20,8,-2,-3,125.53768157959,327.99462890625,180,299.86474609375,124.681198120117,85.1876525878906,-4.38095092773438,5.22216796875,9.13636779785156,-15.3182373046875,-1.85714721679688,-11,315.673950195313,128.556579589844,84.4006729125977,-15,13,16,-22,-2,-11,97.6984634399414,126.495323181152,77.25634765625,0,-8,17,-25,-4,-14,63,22,7,1.75120456308952,3.60737201590678,1.17940580491311
8,w3,3;224,03,14.0757910347927,10.2877427439032,8.47060320795382,14.422205101856,5,15,24.0831891575846,19.6977156035922,11.6619037896906,8.55976816374132,7.54479570268869,2.33235563645088,21.3130980066718,7.25661348465125,14.7187314225746,12.7507219526533,9.71892857090757,2.69075747395305,18.0277563773199,10.6301458127347,2.23606797749979,29.0688837074973,5,14.8660687473185,22.3606797749979,12.6491106406735,2.82842712474619,3.71473376996791,10.3783039901145,7.40191989002218,12.7812756980286,12.9791721176522,7.24283540604198,5.31648955640753,17.6271724800346,10.0550449223706,198.434951782227,135,49.3987045288086,180,270,135,15.2868804931641,338.589263916016,241.821411132813,-13.5777587890625,-3.71111297607422,-9.5777587890625,3.75555419921875,4,7.46666717529297,33.6900672912598,306.869903564453,233.130096435547,-12,-8,-3,4,9,12,4.76364183425903,336.037506103516,239.036239624023,-24,-2,-18,8,6,10,168.165023803711,46.4323692321777,300.962738037109,197.036819458008,200.432693481445,222.797271728516,153.167068481445,76.9172897338867,131.987991333008,8.3778076171875,-1.75555419921875,-5.199951171875,-5.46666717529297,-1.199951171875,2,20.3778076171875,6.24444580078125,6.800048828125,2.53333282470703,10.800048828125,10,11.3778076171875,-5.75555419921875,-2.199951171875,-9.46666717529297,1.800048828125,-2,160.559967041016,48.8140754699707,296.565063476563,183.945190429688,180,222.273681640625,153.434951782227,71.5650482177734,135,17,-6,-7,-8,-1,2,29,2,5,0,11,10,20,-10,-4,-12,2,-2,160.559967041016,75.963752746582,180,10.5466737747192,196.981872558594,143.184906005859,-4.3778076171875,-1.24444580078125,9.199951171875,2.46666717529297,5.199951171875,-5,343.806304931641,205.386764526367,142.237030029297,-13,3,11,5,5,-5,152.735397338867,198.401763916016,140.206268310547,4,-3,16,5,7,-7,45,15,5,1.05244876337431,2.18008030740667,0.8704933413376
8,w3,3;224,03,12.3117406534995,12.2869238070105,10.2759007467055,9.05538513813742,14.2126704035519,21.6333076527839,20.6155281280883,21.4009345590327,13.8924439894498,8.21537479769273,4.53982055853764,7.73612033581317,16.6669268447839,4.51774496091203,13.7517629991415,14.4311344618373,17.7991413723906,8.00362462069106,16.1554944214035,5.09901951359278,11.1803398874989,24.5153013442625,4,16.2788205960997,18.0277563773199,18.4390889145858,7,5.07425239792637,8.62290272252005,7.49714041400477,12.6603886891349,9.17157779342853,10.8159165195748,4.08468011989296,13.1396743622478,11.7068759577293,180,135,18.4349479675293,180,277.125030517578,0,347.079010009766,297.694885253906,232.261245727539,-12,2.75299072265625,-5.71051025390625,10.8792724609375,6.28948974609375,8.12628173828125,6.34019184112549,230.710586547852,213.690063476563,-9,-1,9,11,18,12,345.963745117188,307.405364990234,239.743560791016,-20,5,-13,17,7,12,155.912384033203,7.59433794021606,256.625427246094,171.88410949707,185.07991027832,218.317260742188,84.0337905883789,40.6710662841797,25.7226390838623,7.5,-3.35296630859375,-4.5,-0.5999755859375,1.78948974609375,7.52630615234375,16.5,-2.35296630859375,4.5,0.4000244140625,10.7894897460938,8.52630615234375,-1.5,-14.3529663085938,-13.5,-11.5999755859375,-7.21051025390625,-3.47369384765625,158.198593139648,11.3099327087402,259.695159912109,168.231704711914,180,227.489547729492,109.440032958984,40.6012954711914,0,15,-6,-5,-1,2,11,24,-5,4,0,11,12,6,-17,-14,-12,-7,0,158.198593139648,45,300.963745117188,312.580230712891,186.548126220703,107.682205200195,-3.5,3.35296630859375,8.5,0.5999755859375,2.21051025390625,-7.52630615234375,329.721771240234,188.675109863281,101.015518188477,-11,6,9,1,2,-11,185.385345458984,186.043365478516,65.0766067504883,4,0,13,1,-5,-11,34,10,19,1.4794919846361,1.40466609331415,1.73092595422338
8,w3,3;224,03,31.565776144152,10.2877427439032,22.8358161177254,48.0416485978573,5,45.3982378512647,33.0605505096331,19.6977156035922,18.0277563773199,8.55976816374132,23.5147232192673,2.33235563645088,56.3783375550408,25.0771291142338,46.9706777715085,12.7507219526533,21.8277784638884,2.69075747395305,18.0277563773199,17.8885438199983,2.23606797749979,65.1229606206597,32.5576411921994,47.169905660283,22.3606797749979,17.6918060129541,2.82842712474619,16.6465869644127,14.9207811849698,8.67358054538412,25.3802230046268,9.19826847076622,8.83606291571797,8.78044999074532,39.8010266599061,8.81063260295186,198.434951782227,135,45,182.726318359375,270,135,5.18432474136353,338.589263916016,196.81982421875,-31.4366455078125,-2.85228729248047,-9.5777587890625,3.75555419921875,21.85888671875,6.60784149169922,2.3859441280365,306.869903564453,187.594650268555,-48,-2,-3,4,45,6,3.46822929382324,336.037506103516,213.690063476563,-33,-2,-18,8,15,10,168.165023803711,11.3005523681641,300.962738037109,180.248428344727,174.030853271484,184.885192871094,153.167068481445,23.2256050109863,131.987991333008,8.3778076171875,-1.75555419921875,-23.058837890625,-4.60784149169922,-1.199951171875,2,56.3778076171875,0.24444580078125,24.941162109375,-2.60784149169922,46.800048828125,4,11.3778076171875,-5.75555419921875,-20.058837890625,-8.60784149169922,1.800048828125,-2,160.559967041016,26.5650520324707,296.565063476563,176.478546142578,169.380340576172,184.864517211914,153.434951782227,42.7093887329102,135,17,-6,-16,-8,-1,2,65,-4,32,-6,47,4,20,-10,-13,-12,2,-2,160.559967041016,138.814071655273,180,4.63954019546509,185.792129516602,36.031364440918,-17.3778076171875,-2.24444580078125,14.058837890625,0.607841491699219,-7.800048828125,-6,353.443572998047,212.173629760742,35.2686767578125,-26,2,7,4,-8,-6,20.6886653900146,178.413345336914,53.7143402099609,-9,-4,39,-2,-6,-8,45,51,5,1.05244876337431,7.05708322198318,0.8704933413376
8,w3,3;224,03,27.0984572517933,33.9656278025621,11.5481869800075,8.60232526704263,19.2093727122985,21.4709105535839,48.3011387029333,57.4282160614449,11.7046999107196,25.342914307421,4.0945848385398,9.8998446348792,30.0715171301241,4.52941773299836,14.0923672397417,43.1919190363939,20.1498294037443,9.41561981236479,48.5489443757534,4.47213595499958,9.21954445729289,49.7694685525172,4.24264068711928,14.0356688476182,67.6756972627545,20.6155281280883,10.295630140987,4.97225157296482,22.289643603407,29.0095744550145,30.9692795908002,22.1795284767571,28.0395788569428,20.3964452673751,25.4627478367239,38.2625507780784,106.990821838379,46.332218170166,333.434936523438,135,216.869903564453,90,268.103790283203,250.500228881836,205.29248046875,0.89666748046875,27.0836181640625,11.3378295898438,32.0174560546875,10.441162109375,4.933837890625,324.462310791016,231.340194702148,207.758544921875,-7,5,12,15,19,10,242.904449462891,234.926239013672,199.983108520508,22,43,33,47,11,4,80.0093765258789,328.736267089844,225.481582641602,94.9663925170898,140.599334716797,188.400741577148,67.6896362304688,39.7145538330078,57.5012321472168,-4.39666748046875,-24.9586181640625,-3.5,2.125,6.941162109375,7.058837890625,2.60333251953125,-29.9586181640625,3.5,-2.875,13.941162109375,2.058837890625,-16.3966674804688,-39.9586181640625,-15.5,-12.875,-5.058837890625,-7.941162109375,57.6193237304688,333.434936523438,220.601287841797,67.557243347168,135,184.08561706543,55.8403053283691,39.0938606262207,60.9453964233398,-26,-41,-4,2,7,6,-19,-46,3,-3,14,1,-38,-56,-16,-13,-5,-9,57.6193237304688,45,116.565048217773,254.77473449707,91.0517044067383,69.7682418823242,0.39666748046875,3.9586181640625,-0.5,-23.125,-10.941162109375,-28.058837890625,222.290985107422,92.3491592407227,68.9071807861328,22,20,0,-23,-11,-27,81.283805847168,98.8311462402344,66.7712249755859,-4,-21,3,-26,-16,-36,121,8,17,3.517004342852,1.43611495805841,3.03306315242224
8,w3,3;224,03,12.1318802211705,10.547545580562,4.73557208850297,7.81024967590665,4.47213595499958,9.8488578017961,19.4164878389476,18.0277563773199,5.09901951359278,8.97556291693876,3.80993766353204,2.44130762301548,15.8196257470741,4.00195264839553,8.37615998846614,11.6473580438866,6.55862981117245,2.0880630556226,16.0312195418814,4.24264068711928,2.82842712474619,22.8035085019828,3.60555127546399,8.06225774829855,18.2482875908947,7.07106781186548,2,2.40509992834025,9.74993304202314,8.25678312531765,9.48636084287435,10.0035279201796,8.83801724806855,6.58108061942298,13.4933505777719,9.51790572268434,208.300750732422,142.125015258789,26.5650520324707,180,315,90,12.3750123977661,349.622131347656,251.851928710938,-11.8500061035156,-2.5999755859375,-10.375,1.9000244140625,1.47500610351563,4.5,39.8055725097656,296.565063476563,246.037506103516,-6,-5,-2,4,4,9,11.8886575698853,356.820159912109,258.690063476563,-19,-4,-18,1,1,5,180.638214111328,41.0090866088867,304.991912841797,198.807083129883,218.659805297852,236.689331054688,160.437072753906,82.3331985473633,106.699401855469,8.97500610351563,0.0999755859375,-2.875,-2.5,-1.39999389648438,2,14.9750061035156,5.0999755859375,3.125,2.5,4.60000610351563,7,10.9750061035156,-3.9000244140625,-0.875,-6.5,0.600006103515625,-2,183.57633972168,45,315,195.255111694336,213.690063476563,240.255111694336,170.537673950195,81.8698959350586,90,16,1,-3,-3,-2,2,22,6,3,2,4,7,18,-3,-1,-7,0,-2,183.57633972168,90,0,5.24761152267456,194.128936767578,165.122222900391,-2.97500610351563,-1.0999755859375,8.875,1.5,7.39999389648438,-3,6.78036785125732,196.732208251953,166.121002197266,-10,-2,9,2,8,-3,178.95524597168,201.202178955078,154.350296020508,6,-1,12,4,8,-5,40,8,5,0.923734937136533,1.22775410100947,0.682488228599151
8,w3,3;224,03,11.9276996382955,9.83032762798986,9.60657760173814,14.8660687473185,5.09901951359278,18.0277563773199,17.7200451466693,20.2484567313166,13.4164078649987,7.78882187603891,7.90246384045509,2.58735982831532,18.5956005939856,7.09268450723923,16.2181376245883,11.8657513995219,11.7542855666899,2.5221256695293,17.2046505340853,11.4017542509914,3.16227766016838,21.3775583264319,4.12310562561766,16.4012194668567,21.9544984001002,15.2315462117278,2,2.99552347697475,8.98543595834199,7.86077199858415,11.7869861426466,11.7181066632906,8.46168035997828,5.46387598362573,15.7871662129077,10.193995261783,196.699249267578,108.434951782227,53.1301040649414,180,296.565063476563,90,9.22939586639404,317.928039550781,242.22819519043,-11.7732849121094,-1.91305541992188,-7.29708862304688,6.58694458007813,4.4761962890625,8.5,42.2736892700195,281.309936523438,236.309936523438,-11,-10,-1,5,10,15,343.610473632813,302.905242919922,243.434951782227,-17,5,-11,17,6,12,148.350662231445,49.3987312316895,284.931213378906,198.540893554688,214.330200195313,230.420562744141,130.020645141602,69.3624725341797,97.5948715209961,6.63043212890625,-4.08694458007813,-5.14285278320313,-6,-0.666656494140625,2.5,17.6304321289063,5.91305541992188,5.85714721679688,4,10.3333435058594,12.5,7.63043212890625,-9.08694458007813,-4.14285278320313,-11,0.333343505859375,-2.5,125.53768157959,52.1250152587891,288.434936523438,169.215698242188,194.036239624023,232.431411743164,120.068580627441,66.8014068603516,90,10,-14,-7,-9,-1,3,21,-4,4,1,10,13,11,-19,-6,-14,0,-2,125.53768157959,63.4349479675293,0,359.855224609375,192.34211730957,123.176528930664,-3.63043212890625,-0.913055419921875,8.14285278320313,1,3.66665649414063,-7.5,302.684265136719,204.829299926758,123.21305847168,-7,9,10,4,4,-8,131.702560424805,202.026016235352,117.043792724609,3,-5,14,5,4,-10,46,14,6,1.69183820983194,2.13186668992651,0.798454300006478
8,w3,3;224,03,20.4735423805028,9.18634008384997,19.6667284077211,37.3363094051889,2.23606797749979,39,38.4837628097877,19.4164878389476,31.1448230047949,8.6472635068924,18.7121768564851,1.06066017177982,37.8897988975076,18.6452426754689,38.3030677622563,10.3727240136003,20.3552928134399,1.2747548783982,18.6815416922694,30.0665927567458,1.4142135623731,40.3112887414927,12.0830459735946,38.6264158316559,20.3960780543711,31.2569992161756,1,10.9850836134584,9.48977391145916,11.8485397271386,17.3390966269702,22.2343609312051,12.2008534362882,10.7920851062699,27.381910592557,12.8698880311042,144.462326049805,71.5650482177734,47.1210975646973,225,180,90,353.473999023438,281.559967041016,199.834777832031,-20.3408813476563,2.326904296875,-1.84088134765625,9,18.5,6.673095703125,20.3764343261719,243.434951782227,202.619857788086,-35,-13,1,2,36,15,335.432830810547,281.888671875,185.527542114258,-35,16,-4,19,31,3,107.434700012207,18.4536247253418,225,187.201751708984,202.30615234375,201.037506103516,98.8223648071289,22.9072227478027,78.690071105957,2.59088134765625,-8.25,-17.75,-5.923095703125,0.75,0.75,37.5908813476563,4.75,17.25,7.076904296875,35.75,13.75,1.59088134765625,-10.25,-18.75,-7.923095703125,-0.25,-1.25,105.524108886719,3.81407475471497,225,172.874984741211,245.556045532227,201.250503540039,101.309928894043,7.352379322052,90,5,-18,-30,-2,1,1,40,-5,5,11,36,14,4,-20,-31,-4,0,-1,105.524108886719,342.897277832031,180,352.870391845703,174.172698974609,40.1295433044434,-11.5908813476563,1.25,8.75,-1.076904296875,-9.75,-7.75,320.1376953125,167.304077148438,40.2705078125,-14,11,21,-5,-10,-8,39.651439666748,192.900833129883,43.6693267822266,-9,-7,26,6,-10,-9,44,52,4,1.51092489665934,4.31192693466129,0.343949152306847
8,w3,3;224,03,13.7353563082918,10.4881380188608,11.3348626455997,5.65685424949238,18.3847763108502,23.7065391822594,26.2488094968134,24.6981780704569,6.40312423743285,11.1726155555805,3.26784999010582,8.21002193975944,14.1098575662655,3.12892500434808,13.8411808880721,13.6796475932194,21.6438374376307,10.702094717628,22.4722050542442,4,5,25.3179778023443,4,9.8488578017961,15.52417469626,22.1359436211787,17.1172427686237,4.00204830512618,10.9235177285019,6.69524606963311,14.7047222964348,11.8975464580524,10.1661898668585,7.94677425730187,12.0578379269053,12.5391321221911,309.289398193359,279.462310791016,90,153.434951782227,161.565048217773,45,106.079620361328,159.875030517578,237.779815673828,3.8043212890625,-13.197998046875,9.8477783203125,-3.608642578125,6.04345703125,9.58935546875,45,247.619857788086,242.354019165039,-4,-4,7,17,11,21,107.744674682617,121.759483337402,218.659805297852,8,-25,13,-21,5,4,295.468109130859,72.1809692382813,232.098571777344,273.267883300781,196.504837036133,229.203582763672,30.3549575805664,68.3078002929688,79.4660186767578,-4.8043212890625,10.0869140625,-1,-3.111083984375,5.04345703125,6.478271484375,-0.8043212890625,14.0869140625,3,0.888916015625,9.04345703125,10.478271484375,-11.8043212890625,-6.9130859375,-8,-20.111083984375,-1.95654296875,-10.521728515625,290.854461669922,90,180,279.090270996094,180,203.962493896484,345.068572998047,71.5650482177734,83.2901611328125,-8,21,0,-4,5,0,-4,25,4,0,9,4,-15,4,-7,-21,-2,-17,290.854461669922,135,96.3401947021484,145.150436401367,272.728637695313,348.613861083984,2.8043212890625,-3.0869140625,-1,10.111083984375,-7.04345703125,0.521728515625,116.146858215332,277.340118408203,309.892059326172,6,-14,-2,11,-7,7,281.027191162109,258.131072998047,47.1974143981934,-2,7,2,11,-9,-10,46,9,23,2.68806616220259,0.763714895018351,2.82300225641444
8,w3,3;224,03,13.1482130335879,17.11565469187,8.83926133675335,8.24621125123532,19.2353840616713,17.7200451466693,20.6155281280883,24.7588368062799,13.3416640641263,9.14440172496875,4.18254641861133,9.54253577481945,17.0359860071478,4.07492609366581,10.3276370322528,26.6011494304822,17.8059347334348,9.72933839656134,16.4924225024706,4.12310562561766,14.0356688476182,24.738633753706,4.12310562561766,13.8924439894498,29.8328677803526,18.0277563773199,5.3851648071345,6.116811544977,7.95051049709279,11.0626624390701,12.7268001931363,7.90434344550202,15.2937756704984,3.79172848114989,12.0241459461426,20.6706697622425,172.405349731445,112.61986541748,333.434936523438,180,270,116.565048217773,329.074951171875,298.54638671875,249.469329833984,-11.2790679931641,6.757080078125,-8.17906188964844,15.034912109375,3.10000610351563,8.27783203125,345.963745117188,278.972625732422,253.610458374023,-8,2,-3,19,5,17,345.963745117188,313.363433837891,257.00537109375,-20,5,-17,18,3,13,142.751098632813,343.009887695313,275.411834716797,153.749664306641,168.995712280273,226.5693359375,112.731575012207,86.780517578125,102.464965820313,7.27906799316406,-5.534912109375,-4,1.22216796875,-0.899993896484375,9.5,15.2790679931641,-7.534912109375,4,-0.77783203125,7.10000610351563,7.5,10.2790679931641,-24.534912109375,-1,-17.77783203125,2.10000610351563,-9.5,165.963760375977,345.963745117188,274.085601806641,165.963760375977,165.963760375977,239.743560791016,129.559661865234,86.8201675415039,111.801406860352,16,-4,-4,1,-1,14,24,-6,4,-1,7,12,19,-23,-1,-18,2,-5,165.963760375977,180,270,305.194549560547,167.22216796875,114.87621307373,-4.27906799316406,4.534912109375,7,-2.22216796875,3.89999389648438,-10.5,344.207061767578,168.792907714844,108.108673095703,-13,3,7,-2,4,-15,171.869537353516,167.823135375977,109.070091247559,3,-1,11,-3,6,-20,43,9,20,1.65649072721556,1.31284005477159,2.85495531790182
8,w3,3;224,03,15.3752052480723,18.3569505795201,15.335253811165,15,24.5967477524977,31.0161248385416,24.0831891575846,38.9486841883009,27.0739727413618,9.65885588153612,7.57434932306991,11.0511502954033,22.6406851894225,7.51581445264847,20.5603447531217,31.4341048096247,27.7216549367731,13.5708542098279,20.591260281974,10,20.6155281280883,30.0166620396073,6.08276253029822,28.2842712474619,43.1856457633784,30.4138126514911,4.24264068711928,6.83185182382695,10.5267487226848,12.0613097174316,18.3254613714219,12.6768457152391,21.387229809599,3.2544328697333,18.033227396527,25.531410654002,208.610458374023,128.659805297852,18.4349479675293,180,291.250518798828,135,12.5096139907837,319.317901611328,265.92626953125,-15.0101928710938,-3.330322265625,-13.9207763671875,11.9661865234375,1.08941650390625,15.2965087890625,36.8698959350586,296.565063476563,268.152404785156,-12,-9,-11,22,1,31,355.236358642578,311.877868652344,274.236389160156,-24,2,-26,29,-2,27,168.980697631836,43.1120109558105,293.688781738281,198.419464111328,210.578979492188,248.426284790039,130.658279418945,101.38143157959,118.906959533691,9.48077392578125,-1.84619140625,-5.5294189453125,-5.176513671875,-4.44000244140625,10.1199951171875,21.4807739257813,7.15380859375,6.4705810546875,3.823486328125,7.55999755859375,19.1199951171875,20.4807739257813,-23.84619140625,5.4705810546875,-27.176513671875,6.55999755859375,-11.8800048828125,150.945388793945,53.1301040649414,292.833648681641,178.090850830078,189.462326049805,261.869903564453,132.184448242188,99.4623184204102,135,18,-10,-6,-8,-8,19,30,-1,6,1,4,28,29,-32,5,-30,3,-3,150.945388793945,90,290.556030273438,337.590240478516,214.317901611328,129.088256835938,-6.48077392578125,1.84619140625,8.5294189453125,5.176513671875,7.44000244140625,-10.1199951171875,324.050750732422,223.700576782227,121.468772888184,-15,10,9,8,11,-19,193.474090576172,212.760528564453,123.697021484375,3,0,15,9,14,-22,52,17,25,1.62453789251909,2.13063271509737,3.70812874548571
8,w3,3;224,03,10.3420987902946,15.4388426236622,10.838072751375,12.5299640861417,21.0237960416286,23.8537208837531,14.8660687473185,23.1948270094864,12.0415945787923,5.49242428475461,6.11235585505932,10.2674097610088,16.5299782315135,6.43128155036987,14.0895235513336,25.6965477842768,21.8409960164252,11.1265591462426,11.0453610171873,6.70820393249937,12.1655250605964,19.723082923316,5.8309518948453,14.3178210632764,31.6227766016838,21.9317121994613,9.89949493661167,7.1120451116144,5.81470735887964,8.59792458219987,12.7260196926801,6.36920568641837,10.484194941716,1.68215917614027,12.0352713479049,19.4265940458534,125.53768157959,74.0546035766602,341.565063476563,135,315,36.8698959350586,308.676177978516,264.197601318359,222.240051269531,-6.46296691894531,8.073974609375,1.56083679199219,15.3597412109375,8.0238037109375,7.2857666015625,331.389526367188,244.653823852539,213.023864746094,-11,6,9,19,20,13,289.653839111328,262.568603515625,228.366455078125,-5,14,3,23,8,9,100.09765625,334.133972167969,255.770462036133,136.361923217773,148.781280517578,196.291244506836,71.7739334106445,48.4028396606445,54.4052505493164,0.962966918945313,-5.4073486328125,-5.5,2.6666259765625,2.5238037109375,9.952392578125,11.9629669189453,-11.4073486328125,5.5,-3.3333740234375,13.5238037109375,3.952392578125,-8.03703308105469,-24.4073486328125,-14.5,-16.3333740234375,-6.4761962890625,-9.047607421875,84.8055725097656,333.434936523438,260.537689208984,120.465545654297,149.036239624023,204.775146484375,71.5650482177734,46.8476104736328,45,-1,-11,-6,3,2,12,10,-17,5,-3,13,6,-10,-30,-15,-16,-7,-7,84.8055725097656,0,326.309936523438,275.930999755859,170.09716796875,74.5135879516602,-0.962966918945313,6.4073486328125,5.5,-1.6666259765625,-2.5238037109375,-8.952392578125,264.462280273438,167.915908813477,80.269775390625,1,12,6,-2,-2,-11,262.207641601563,158.896347045898,63.1573257446289,0,1,11,-5,-9,-18,27,12,21,1.01976288102095,1.89495584996424,3.23343780820841
8,w3,3;224,03,19.3594582247968,9.17926773085493,14.6385501721081,31.7804971641414,4.47213595499958,31.9061122670876,30.4138126514911,17.2046505340853,17,7.17149515745947,14.560969449769,2.23606797749979,36.1180879933236,17.2195283688271,31.7647603485372,11.2733122619736,15.051660073412,2.23606797749979,15,18.1107702762748,2.23606797749979,38.0131556174964,18.6010752377383,31.7647603485372,19.4164878389476,16.1245154965971,2.23606797749979,11.2072617678658,8.1576911664546,8.07257214339964,15.8760834895582,14.5411616520838,8.07257214339964,7.14005289452142,25.1442999103783,9.45264442810687,195.945388793945,135,71.5650482177734,189.462326049805,315,135,5.89327383041382,319.418029785156,212.936813354492,-19.2571411132813,-1.98774719238281,-6.971435546875,5.971435546875,12.2857055664063,7.95918273925781,24.1455421447754,296.565063476563,212.195739746094,-29,-13,-2,4,27,17,332.592437744141,305.537689208984,180,-27,14,-10,14,17,0,146.373229980469,24.1581859588623,296.565063476563,194.475936889648,204.134841918945,208.178588867188,135,41.4271125793457,116.565048217773,5.971435546875,-3.971435546875,-13.2857055664063,-5.95918273925781,-1,2,34.971435546875,9.028564453125,15.7142944335938,7.04081726074219,28,15,7.971435546875,-7.971435546875,-11.2857055664063,-9.95918273925781,1,-2,126.869895935059,353.659820556641,296.565063476563,181.507431030273,233.746154785156,208.178588867188,124.508522033691,7.12501621246338,116.565048217773,9,-12,-18,2,-1,2,38,1,11,15,28,15,11,-16,-16,-2,1,-2,126.869895935059,296.565063476563,180,4.72879505157471,187.4931640625,58.6682472229004,-11.971435546875,-1.028564453125,7.28570556640625,0.959182739257813,-5,-7,333.416198730469,151.693008422852,58.6682472229004,-15,7,12,-7,-5,-7,43.2842979431152,198.803604125977,70.2276458740234,-6,-5,23,8,-4,-9,35,49,5,1.64511631763763,3.56837396278268,0.851151130646061
8,w3,3;224,03,12.8211642916339,8.17242305168744,7.31532492420669,11.6619037896906,3,13.4536240470737,22.3606797749979,16.4924225024706,10,8.01879110232855,6.09246795300873,1.52069063257455,18.4878743781981,5.72577921285618,12.7008857958805,9.03055982443965,8.34374644409106,1.52069063257455,16.1245154965971,8.48528137423857,2,26.3058928759318,4,12.8062484748657,16.7630546142402,10.816653826392,1,3.00734346203687,9.81953886743366,5.72850053437655,11.0771077024664,11.6999920962384,6.22710028365249,5.24705047477651,15.5011551552067,6.88472204025487,204.443954467773,130.601287841797,45,180,225,90,11.4340076446533,339.402984619141,227.770050048828,-12.5667114257813,-2.54165649414063,-7.6500244140625,2.875,4.91668701171875,5.41665649414063,30.9637565612793,270,221.987213134766,-10,-6,0,3,10,9,10.3048467636108,345.963745117188,233.130096435547,-22,-4,-16,4,6,8,170.126571655273,40.0060615539551,260.537689208984,194.487213134766,201.337020874023,216.193206787109,151.022506713867,55.9923515319824,99.4623184204102,7.9000244140625,-1.375,-4.66668701171875,-3.91665649414063,0.25,1.5,17.9000244140625,4.625,5.33331298828125,2.08334350585938,10.25,7.5,7.9000244140625,-4.375,-4.66668701171875,-6.91665649414063,0.25,-1.5,172.874984741211,45,270,188.746154785156,180,218.659805297852,162.645980834961,56.3099327087402,90,16,-2,-6,-6,0,2,26,4,4,0,10,8,16,-5,-6,-9,0,-1,172.874984741211,71.5650482177734,180,8.34199714660645,192.380554199219,144.687103271484,-3.9000244140625,-0.625,8.66668701171875,1.91665649414063,3.75,-3.5,359.023956298828,200.977905273438,142.261962890625,-12,0,10,4,4,-4,159.8056640625,195.677230834961,135.666091918945,4,-2,14,4,4,-5,40,12,4,1.11272574572278,1.65261174017311,0.413364405247771
8,w3,3;224,03,26.1516827413163,10.2877427439032,17.7986299673315,37.2155881318568,5,34.928498393146,25.0798724079689,19.6977156035922,12.2065556157337,8.55976816374132,18.2655281476145,2.33235563645088,45.433280325056,19.4495024100767,36.2993594447083,12.7507219526533,17.1166526889172,2.69075747395305,18.0277563773199,11.3137084989848,2.23606797749979,54.0370243444252,29.2745623366089,36.4965751817893,22.3606797749979,13,2.82842712474619,12.2656143332032,13.8887333161152,5.71445453693277,21.0197820894004,6.45812656688037,5.80871338553146,4.90422194588204,33.1966979268426,7.12732975369518,198.434951782227,135,56.3099327087402,196.699249267578,270,135,7.07142639160156,338.589263916016,203.07177734375,-25.9527587890625,-3.21944427490234,-9.5777587890625,3.75555419921875,16.375,6.97499847412109,6.17017507553101,306.869903564453,193.240524291992,-37,-4,-3,4,34,8,4.57392120361328,336.037506103516,235.00798034668,-25,-2,-18,8,7,10,168.165023803711,15.80539894104,300.962738037109,182.831619262695,177.126571655273,189.514205932617,153.167068481445,31.6240310668945,131.987991333008,8.3778076171875,-1.75555419921875,-17.574951171875,-4.97499847412109,-1.199951171875,2,45.3778076171875,2.24444580078125,19.425048828125,-0.974998474121094,35.800048828125,6,11.3778076171875,-5.75555419921875,-14.574951171875,-8.97499847412109,1.800048828125,-2,160.559967041016,45,296.565063476563,177.87890625,172.146682739258,189.462326049805,153.434951782227,67.3801345825195,135,17,-6,-8,-8,-1,2,54,-2,29,-4,36,6,20,-10,-5,-12,2,-2,160.559967041016,149.036239624023,180,6.20106649398804,187.840057373047,62.7546348571777,-12.3778076171875,-2.24444580078125,13.574951171875,0.974998474121094,-2.800048828125,-6,352.016082763672,229.619567871094,61.000904083252,-21,2,4,4,-3,-6,38.9118499755859,181.587280273438,83.4255294799805,-4,-4,33,0,-1,-8,45,40,5,1.05244876337431,5.32867878541491,0.8704933413376
8,w3,3;224,03,8.09736418691908,22.7591128830624,24.8460549932459,9.8488578017961,36.7967389859482,46.0108682813094,14.3178210632764,40.8044115262063,36.0555127546399,5.26969962031343,5.00885230173406,20.4919995879401,10.366587925694,5.62378266460499,30.2514817761246,35.9205745837155,41.8055362265943,22.448847044683,10.816653826392,5.8309518948453,33.1360830515618,13.3416640641263,6.08276253029822,42.0119030752,35.8468966578698,42.5205832509386,31.04834939252,15.8526694328208,18.0859080333964,6.97654490132264,19.560846485942,18.3515776370868,21.2819986884756,13.5708322048046,23.3843017382527,25.8837287400555,319.398712158203,279.462310791016,90,161.565048217773,216.869903564453,90,86.661003112793,181.919815063477,200.856903076172,-0.47161865234375,-8.0836181640625,22.746337890625,0.762451171875,23.2179565429688,8.8460693359375,23.9624881744385,227.202590942383,222.357452392578,-9,-4,25,27,34,31,102.094757080078,162.897277832031,183.179824829102,3,-14,39,-12,36,2,303.558471679688,47.4889526367188,194.566497802734,234.043380737305,183.136856079102,197.613250732422,39.00634765625,47.2369079589844,76.6938781738281,-2.91302490234375,4.391357421875,-3.3846435546875,-3.6922607421875,19.8333129882813,5.15380859375,6.08697509765625,8.391357421875,5.6153564453125,0.3077392578125,28.8333129882813,9.15380859375,-27.9130249023438,-22.608642578125,-28.3846435546875,-30.6922607421875,-5.16668701171875,-21.84619140625,303.690063476563,59.0362434387207,174.805572509766,257.00537109375,170.537673950195,181.363922119141,30.1413860321045,48.8140754699707,104.931419372559,-6,9,-3,-5,33,-3,3,13,6,-1,42,1,-31,-18,-28,-32,8,-30,303.690063476563,108.434951782227,139.635467529297,178.943725585938,205.518249511719,8.69509506225586,14.9130249023438,-0.391357421875,15.3846435546875,7.6922607421875,-7.83331298828125,-1.15380859375,165.490219116211,209.723983764648,340.51416015625,18,-5,15,9,-21,7,197.580993652344,200.264144897461,62.2219581604004,12,4,21,8,-13,-23,23,13,78,1.19574122010689,1.4025562718472,4.83285810319225
8,w3,3;224,03,14.2117185141307,26.3245567940864,14.8721335647429,12.7279220613579,35.2278299076171,29.0688837074973,20.8806130178211,51,31.5753068076939,9.09197726691751,5.54401766591927,17.7020071420656,21.0505522745033,7.19278013730836,14.4347107263109,43.857253651351,31.8732273315315,17.5507209226464,18.6815416922694,2.23606797749979,33.3766385365573,30.4138126514911,10.6301458127347,27.7848879788996,53.0094331227943,33.3766385365573,2.23606797749979,12.8214724921237,5.38179367054045,13.5515378379026,22.2447061492139,3.29764112911562,29.2068646198575,4.30870371911219,11.7531390631077,31.1022579598335,113.629379272461,78.690071105957,270,135,261.119354248047,90,294.773376464844,268.995452880859,244.440063476563,-5.95513916015625,12.9038467407227,0.461517333984375,26.3205108642578,6.41665649414063,13.4166641235352,315,263.480194091797,243.434951782227,-9,9,4,35,13,26,286.699249267578,270,259.045928955078,-6,20,0,51,6,31,104.036315917969,312.563323974609,261.335906982422,122.160766601563,136.877899169922,216.076034545898,87.6545104980469,75.9274215698242,85.6429901123047,2.20513916015625,-8.82051086425781,-3.75,4.08333587646484,2.66665649414063,17.5,11.2051391601563,-17.8205108642578,5.25,-4.91666412353516,11.6666564941406,8.5,-1.79486083984375,-43.8205108642578,-7.75,-30.9166641235352,-1.33334350585938,-17.5,105.524108886719,296.565063476563,261.384338378906,117.407577514648,138.814071655273,239.743560791016,91.080924987793,81.3843536376953,116.565048217773,5,-18,-1,2,5,33,14,-27,8,-7,14,24,1,-53,-5,-33,1,-2,105.524108886719,135,258.690063476563,272.566741943359,178.986022949219,85.6167755126953,-1.20513916015625,11.8205108642578,4.75,-1.08333587646484,-1.66665649414063,-14.5,278.711181640625,217.076797485352,83.3761138916016,-4,21,2,1,-4,-30,247.757675170898,154.758728027344,85.6315689086914,1,3,10,-6,-3,-32,39,12,36,2.38908133897339,1.95217813101265,5.20627091854011
8,w3,3;224,03,9.27523143633313,13.9736857805469,8.23624160500436,8.06225774829855,18.2482875908947,17.2046505340853,14.422205101856,24.1867732448956,13,5.62198910166688,3.97059504356715,9.02213434825041,13.2782054868664,4.0945848385398,9.12366118146272,22.7778621609519,17.3857880178035,9.30641485302637,10.770329614269,4.47213595499958,14.0356688476182,17.8044938147649,3.60555127546399,12.8062484748657,28.0178514522438,17.464249196573,4.47213595499958,6.13794813469979,4.81484586968887,7.9069314416686,11.4515595270852,5.32847165082311,12.8848460636068,1.68047809209182,8.74364837977227,16.97227735198,153.434951782227,90,333.434936523438,135,315,63.4349479675293,314.170562744141,279.604095458984,239.891738891602,-6.46295166015625,6.65283203125,-2.33135986328125,13.77783203125,4.131591796875,7.125,330.255126953125,260.537689208984,234.462326049805,-7,4,3,18,10,14,303.690063476563,277.125030517578,247.380142211914,-8,12,-3,24,5,12,121.80493927002,331.821411132813,265.985748291016,138.618423461914,148.736267089844,213.231674194336,89.9068069458008,68.0456008911133,75.2565155029297,2.96295166015625,-4.77783203125,-3.5,1.875,0.631591796875,9,9.96295166015625,-8.77783203125,3.5,-2.125,7.631591796875,5,-0.03704833984375,-22.77783203125,-6.5,-16.125,-2.368408203125,-9,111.801406860352,333.434936523438,265.914398193359,128.1572265625,146.309936523438,231.340194702148,92.04541015625,66.3706207275391,63.4349479675293,4,-10,-4,2,1,14,11,-14,3,-2,8,10,1,-28,-7,-16,-2,-4,111.801406860352,0,281.309936523438,286.157287597656,170.950408935547,94.5214462280273,-1.96295166015625,5.77783203125,4.5,-0.875,0.368408203125,-8,283.869598388672,170.468673706055,91.1336135864258,-3,11,5,-1,0,-13,221.689529418945,160.75260925293,84.0984268188477,1,1,8,-3,-2,-17,27,8,19,0.864457269137787,1.20810550548875,2.71543368832781
6,w1,3;224,03,11.296698984804,11.6625827202672,3.06413242843056,5.8309518948453,5.09901951359278,6.32455532033676,19.9248588451713,21.095023109729,4.47213595499958,9.25768692228449,2.83332375924805,2.52212365285586,13.9105953643714,3.00463734833873,5.35671449593854,14.0820684270543,5.0689834919742,2.58736375992135,18.2482875908947,3.16227766016838,3.16227766016838,22.4722050542442,2.82842712474619,6,23.0867927612304,5.65685424949238,2,2.22089723794034,9.09577346276529,9.47062030298213,11.2072486399298,9.02329911728638,9.92376976037314,7.04442378425722,11.7643386251904,11.9228683730582,122.47119140625,85.6012954711914,333.434936523438,135,270,90,293.198638916016,277.968017578125,202.380523681641,-4.44999694824219,10.38330078125,-1.61666870117188,11.5499877929688,2.83332824707031,1.16668701171875,329.036254882813,258.690063476563,198.434951782227,-5,3,1,5,6,2,287.525573730469,275.440338134766,206.565048217773,-6,19,-2,21,4,2,102.159591674805,331.927886962891,262.405456542969,119.974792480469,146.309616088867,174.644165039063,93.8681945800781,46.3323783874512,75.068473815918,1.94999694824219,-9.04998779296875,-2.5,1.33331298828125,0.333328247070313,2.5,6.94999694824219,-12.0499877929688,2.5,-1.66668701171875,5.33332824707031,-0.5,0.949996948242188,-14.0499877929688,-3.5,-3.66668701171875,-0.666671752929688,-2.5,99.4623184204102,341.565063476563,251.565048217773,110.854461669922,135,180,94.9697418212891,45,90,3,-18,-3,1,1,3,8,-21,2,-2,6,0,2,-23,-4,-4,0,-2,99.4623184204102,45,180,286.303405761719,114.87841796875,96.0198364257813,-0.949996948242188,2.04998779296875,3.5,-8.33331298828125,0.666671752929688,-9.5,278.587493896484,118.651779174805,91.8856353759766,-2,11,4,-8,0,-10,100.854194641113,122.532135009766,91.5693893432617,1,-7,6,-10,0,-12,40,6,6,1.87370963310844,0.951538812090609,0.765941398619434
6,w1,3;224,03,13.1495015298319,10.7518099992738,5.1593175332065,10,4.12310562561766,12.2065556157337,21.2132034355964,20.6155281280883,2.23606797749979,9.26564948511346,4.62256528467661,2.17311271983959,17.9380502591484,5.38837765170068,10.3949947083622,11.3565038767597,7.16718047924251,2.17302845867033,18.2482875908947,3,2.82842712474619,26.1725046566048,7.81024967590665,10,20.2484567313166,4.47213595499958,2.23606797749979,2.89875660409562,10.2673300817816,8.01938755094325,11.8442149223591,9.37663539788372,8.85813634297776,6.40407946294067,15.1511759347306,8.88886199446931,205.016891479492,116.565048217773,333.434936523438,206.565048217773,333.434936523438,90,7.08797264099121,344.93701171875,238.878387451172,-13.0490112304688,-1.62255859375,-10.3823852539063,2.794189453125,2.6666259765625,4.416748046875,36.8698959350586,284.036254882813,235.00798034668,-8,-6,-1,4,7,10,351.869903564453,345.963745117188,243.434951782227,-21,3,-20,5,1,2,174.047927856445,33.9771041870117,302.471069335938,196.315216064453,219.351287841797,228.900726318359,154.09846496582,66.7142105102539,85.6006774902344,9.2156982421875,-0.9608154296875,-3.83331298828125,-2.5833740234375,-1.16668701171875,1.8333740234375,17.2156982421875,5.0391845703125,4.16668701171875,3.4166259765625,6.83331298828125,7.8333740234375,10.2156982421875,-4.9608154296875,-2.83331298828125,-6.5833740234375,-0.16668701171875,-2.1666259765625,170.537673950195,0,315,186.581939697266,230.194427490234,233.130096435547,159.775146484375,63.4349479675293,63.4349479675293,18,-3,-3,0,-2,2,26,3,5,6,6,8,19,-7,-2,-4,-1,-2,170.537673950195,251.565048217773,0,1.67230629920959,188.614868164063,158.962554931641,-3.2156982421875,-1.0391845703125,9.83331298828125,0.5833740234375,7.16668701171875,-3.8333740234375,350.501312255859,173.598724365234,159.891555786133,-12,1,9,-2,8,-4,170.604919433594,199.087417602539,145.416244506836,6,-2,14,4,7,-6,51,12,6,0.697528357766045,1.58363408903137,0.56254505458886
6,w1,3;224,03,11.3934813788745,8.82266270455628,7.41358277480476,10.6301458127347,6.32455532033676,14.3178210632764,19.4164878389476,17.2626765016321,7.28010988928052,6.97684603026323,5.46740340011038,3.26389932496209,16.4912859820725,5.22075372631084,12.0449885737176,10.8500573183394,10.148075794078,3.08386389742852,15,5.65685424949238,3.60555127546399,24.0416305603426,5,11.6619037896906,18.0277563773199,10.1980390271856,3,2.73931557718525,8.73393419898719,6.54647853296403,10.7472911808988,8.9841267711618,7.16195751193807,4.28938923533189,13.8916376055433,9.00754120105723,218.659805297852,113.198593139648,45,180,296.565063476563,90,20.0427379608154,339.462188720703,250.771530151367,-10.7034606933594,-3.90478515625,-8.26190185546875,3.09521484375,2.44155883789063,7,41.1859245300293,288.434936523438,245.224853515625,-8,-7,-2,6,6,13,11.8886575698853,349.992034912109,254.054611206055,-19,-4,-17,3,2,7,179.218048095703,47.021427154541,293.198455810547,204.752090454102,215.073699951172,236.121429443359,145.821838378906,80.2001953125,103.392654418945,6.9761962890625,-0.09521484375,-3.72726440429688,-4,-1.28570556640625,3,14.9761962890625,6.90478515625,4.27273559570313,3,6.71429443359375,10,8.9761962890625,-6.09521484375,-1.72726440429688,-10,0.71429443359375,-3,180,45,303.690063476563,196.927505493164,216.869903564453,239.036239624023,160.559967041016,78.690071105957,90,15,0,-4,-4,-2,3,23,7,4,3,6,10,17,-6,-2,-10,0,-3,180,90,0,7.94170761108398,203.812683105469,147.95263671875,-2.9761962890625,-0.90478515625,7.72726440429688,3,5.28570556640625,-4,2.52616715431213,203.110397338867,150.986206054688,-11,-1,8,3,6,-4,173.65966796875,208.021377563477,134.052978515625,4,-1,12,6,6,-7,42,11,7,0.595804463366645,1.64562398728401,0.933142159013203
