IdentityKey,IdentityName,Isomorphism,ShapeCode,_2001_16_1,_2001_16_2,_2001_16_3,_2001_2_1,_2001_2_2,_2001_2_3,_2001_2_4,_2001_2_5,_2001_2_6,_2001_32_1,_2001_32_2,_2001_32_3,_2001_4_1,_2001_4_2,_2001_4_3,_2001_4_4,_2001_4_5,_2001_4_6,_2001_4_7,_2001_4_8,_2001_4_9,_2001_4_10,_2001_4_11,_2001_4_12,_2001_8_1,_2001_8_2,_2001_8_3,_2001_8_4,_2001_8_5,_2001_8_6,_2001_8_7,_2001_8_8,_2001_8_9,_2001_8_10,_2001_8_11,_2001_8_12,_2002_16384_1,_2002_16384_2,_2002_16384_3,_2002_32768_1,_2002_32768_2,_2002_32768_3,_2002_8192_1,_2002_8192_2,_2002_8192_3,_2002_8192_4,_2006_549755813888_1,_2006_549755813888_2,_2006_549755813888_3,_2006_549755813888_4,_2006_549755813888_5,_2006_549755813888_6,_2008_16_1,_2008_16_2,_2008_16_3,_2008_16_Offset_1,_2008_16_Offset_2,_2008_16_Offset_3,_2008_16_Offset_4,_2008_16_Offset_5,_2008_16_Offset_6,_2008_2_1,_2008_2_2,_2008_2_3,_2008_2_4,_2008_2_5,_2008_2_6,_2008_2_Offset_1,_2008_2_Offset_2,_2008_2_Offset_3,_2008_2_Offset_4,_2008_2_Offset_5,_2008_2_Offset_6,_2008_2_Offset_7,_2008_2_Offset_8,_2008_2_Offset_9,_2008_2_Offset_10,_2008_2_Offset_11,_2008_2_Offset_12,_2008_32_1,_2008_32_2,_2008_32_3,_2008_32_Offset_1,_2008_32_Offset_2,_2008_32_Offset_3,_2008_32_Offset_4,_2008_32_Offset_5,_2008_32_Offset_6,_2008_4_1,_2008_4_2,_2008_4_3,_2008_4_4,_2008_4_5,_2008_4_6,_2008_4_7,_2008_4_8,_2008_4_9,_2008_4_10,_2008_4_11,_2008_4_12,_2008_4_Offset_1,_2008_4_Offset_2,_2008_4_Offset_3,_2008_4_Offset_4,_2008_4_Offset_5,_2008_4_Offset_6,_2008_4_Offset_7,_2008_4_Offset_8,_2008_4_Offset_9,_2008_4_Offset_10,_2008_4_Offset_11,_2008_4_Offset_12,_2008_4_Offset_13,_2008_4_Offset_14,_2008_4_Offset_15,_2008_4_Offset_16,_2008_4_Offset_17,_2008_4_Offset_18,_2008_4_Offset_19,_2008_4_Offset_20,_2008_4_Offset_21,_2008_4_Offset_22,_2008_4_Offset_23,_2008_4_Offset_24,_2008_8_1,_2008_8_2,_2008_8_3,_2008_8_4,_2008_8_5,_2008_8_6,_2008_8_7,_2008_8_8,_2008_8_9,_2008_8_10,_2008_8_11,_2008_8_12,_2008_8_Offset_1,_2008_8_Offset_2,_2008_8_Offset_3,_2008_8_Offset_4,_2008_8_Offset_5,_2008_8_Offset_6,_2008_8_Offset_7,_2008_8_Offset_8,_2008_8_Offset_9,_2008_8_Offset_10,_2008_8_Offset_11,_2008_8_Offset_12,_2008_8_Offset_13,_2008_8_Offset_14,_2008_8_Offset_15,_2008_8_Offset_16,_2008_8_Offset_17,_2008_8_Offset_18,_2008_8_Offset_19,_2008_8_Offset_20,_2008_8_Offset_21,_2008_8_Offset_22,_2008_8_Offset_23,_2008_8_Offset_24,_2013_1_1,_2013_1_2,_2013_1_3,_2018_16384_1,_2018_16384_2,_2018_16384_3,_2018_16384_Offset_1,_2018_16384_Offset_2,_2018_16384_Offset_3,_2018_16384_Offset_4,_2018_16384_Offset_5,_2018_16384_Offset_6,_2018_32768_1,_2018_32768_2,_2018_32768_3,_2018_32768_Offset_1,_2018_32768_Offset_2,_2018_32768_Offset_3,_2018_32768_Offset_4,_2018_32768_Offset_5,_2018_32768_Offset_6,_2018_8192_1,_2018_8192_2,_2018_8192_3,_2018_8192_4,_2018_8192_Offset_1,_2018_8192_Offset_2,_2018_8192_Offset_3,_2018_8192_Offset_4,_2018_8192_Offset_5,_2018_8192_Offset_6,_2018_8192_Offset_7,_2018_8192_Offset_8,_2027_1_1,_2027_1_2,_2027_1_3,_2034_1_1,_2034_1_2,_2034_1_3
7,w2,4;98.0,030,8.44152194173997,8.15771916950413,16.5167446182155,15,15.0332963783729,16.4012194668567,14.3178210632764,19.0262975904404,28.6530975637888,8.94427190999916,7.81024967590665,16.6433169770932,7.29755982248856,7.70146090037468,12.7098509062358,7.71266979449354,13.8315761936231,9.52575546032926,12.9088808973883,7.53740671584067,20.6867187942604,15.7902236079595,22.8869504303216,9.50473527647826,7.21110255092798,8.24621125123532,12.0415945787923,7.81024967590665,14.0356688476182,10,13.0384048104053,7.07106781186548,20.6155281280883,15.6524758424985,23.43074902772,9.05538513813742,0.882005043755488,9.00352586870547,7.51719618601595,0.733648438517542,9.4635870718092,7.20859474348992,7.03381257414599,8.12441976847011,13.7464029489625,14.9298418781949,341.565063476563,146.309936523438,243.434951782227,108.434951782227,82.8749847412109,270,203.352890014648,34.7839050292969,28.9703502655029,7.75,3.34616088867188,-6.70001220703125,-4.65383911132813,-14.4500122070313,-8,323.130096435547,266.185913085938,37.5685920715332,204.775146484375,86.9872131347656,60.7511749267578,-12,9,1,15,-13,-10,13,6,-1,-19,-14,-25,206.565048217773,39.8055725097656,32.7352256774902,8,4,-6,-5,-14,-9,325.304901123047,256.865966796875,2.25457286834717,141.072418212891,173.774169921875,85.7857513427734,57.1622200012207,95.7105941772461,48.5274429321289,243.684585571289,229.873901367188,268.191345214844,-6,4.15383911132813,1.75,7.5,-12.7000122070313,-0.5,6,-4.84616088867188,13.75,-1.5,-0.70001220703125,-9.5,-7,-10.8461608886719,0.75,-7.5,-13.7000122070313,-15.5,7,14.1538391113281,14.75,17.5,0.29998779296875,9.5,326.309936523438,255.963760375977,4.76364183425903,140.194427490234,175.91438293457,90,57.52880859375,98.1301040649414,50.9061393737793,243.434951782227,230.194427490234,263.659820556641,-6,4,2,8,-12,-1,6,-5,14,-1,0,-10,-7,-11,1,-7,-13,-16,7,14,15,18,1,9,90,180,90,76.0406875610352,27.8215389251709,210.346343994141,-1,-1.15383911132813,-8.75,-4.5,5.70001220703125,3.5,73.1411895751953,29.7927551269531,216.599395751953,-1,-1,-9,-5,5,4,332.039611816406,135.424438476563,58.3517990112305,242.960266113281,-7,3,5,-6,-8,-12,6,13,13,16,20,2.39211725013139,2.30311864984477,2.80431052637241
7,w2,4;98.0,030,13.4430994598741,15.3909137558656,28.3902893032495,21.9317121994613,21.0237960416286,35,30.6757233003559,14.422205101856,37.0540146272978,18.1107702762748,13,31.0644491340181,13.6805581478826,10.7802294601002,28.2914897312474,10.7497765396151,24.1616305768937,7.42446123376739,20.3786988973134,10.268937586041,32.9086468789988,21.6785110682453,33.9884188333399,7.02908422216862,19.4164878389476,19.313207915828,28.8444102037119,11.4017542509914,28.4604989415154,8.06225774829855,20.2237484161567,2.23606797749979,33.1360830515618,17.7200451466693,35.1283361405006,6.40312423743285,1.87248105537645,12.226599685358,16.2271900163065,5.5077520286,16.3954690883578,16.6533880159128,13.9113888112779,12.2339312014954,18.6292631023525,22.1929159408002,298.072479248047,180,225,0,296.565063476563,135,179.655059814453,339.479125976563,348.878509521484,13.4428558349609,-0.0809326171875,-14.4142761230469,5.395263671875,-27.8571319580078,5.4761962890625,335.772247314453,244.653823852539,323.130096435547,199.025604248047,303.690063476563,356.905944824219,-20,9,9,19,-28,21,29,10,-8,12,-37,2,186.340194702148,0,3.69138598442078,18,2,-13,0,-31,-2,312.827789306641,247.399642944336,326.951843261719,185.516082763672,182.259048461914,300.018249511719,26.1040287017822,61.7711715698242,6.23029565811157,149.610366821289,161.031982421875,127.568717956543,-9.30000305175781,10.0333251953125,4.14285278320313,9.952392578125,-23.7142791748047,15.4285888671875,10.6999969482422,1.0333251953125,24.1428527832031,0.952392578125,-3.71427917480469,6.4285888671875,-18.3000030517578,-8.9666748046875,-4.85714721679688,-9.047607421875,-32.7142791748047,-3.5714111328125,18.6999969482422,-10.9666748046875,32.1428527832031,-11.047607421875,4.28572082519531,-5.5714111328125,304.508514404297,248.749496459961,326.309936523438,217.874984741211,198.434951782227,299.744873046875,8.53076553344727,26.5650520324707,5.19442892074585,163.610458374023,175.10090637207,128.659805297852,-11,16,7,18,-24,16,9,7,27,9,-4,7,-20,-3,-2,-1,-33,-3,17,-5,35,-3,4,-5,275.194427490234,255.963760375977,270,226.031112670898,353.290069580078,165.555999755859,1.30000305175781,0.9666748046875,-12.1428527832031,1.047607421875,15.7142791748047,-4.4285888671875,123.003265380859,23.8103294372559,163.897171020508,3,-5,-15,-7,16,-5,305.104431152344,191.222595214844,24.1408519744873,154.314727783203,-8,11,12,2,-17,-8,20,-10,30,21,14,2.55038341506721,3.2133286173971,2.22351651929937
7,w2,4;98.0,030,14.8532480520492,15.7046211725857,30.3812942720374,25.0798724079689,13.6014705087354,29.5465734053883,27.1661554144122,22.3606797749979,39.8246155034798,19.6977156035922,14.422205101856,30,12.9269388533365,6.99015823578863,26.888169844363,12.1995022460548,25.8098552510341,11.6607699363722,18.2663878174956,6.65513177617383,33.895873208225,22.1646773811592,34.8815160404828,11.0007732701047,15.1327459504216,6.70820393249937,27.6586333718787,14.422205101856,26.3058928759318,5.65685424949238,24.2074368738204,7.07106781186548,31.7804971641414,15.6204993518133,34.9857113690718,18,2.33609240793344,16.9501902773714,13.4710799609135,5.162728416575,17.2783346901329,13.2985257148184,14.3602596829007,11.3363420653252,20.581814816218,19.8843262576064,315,146.309936523438,236.309936523438,71.5650482177734,45,288.434936523438,187.954696655273,20.2843055725098,14.2919244766235,14.7103271484375,2.0555419921875,-14.7306823730469,-5.4444580078125,-29.4410095214844,-7.5,336.501434326172,252.897277832031,23.9624881744385,186.340194702148,79.6951522827148,38.8844947814941,-23,10,4,13,-27,-12,27,3,-4,-22,-31,-25,203.962493896484,326.309936523438,0,18,8,-12,8,-30,0,339.890594482422,248.415924072266,2.13138318061829,152.909912109375,172.206268310547,70.6192016601563,27.9289455413818,77.6047058105469,24.3952941894531,227.895385742188,212.030242919922,269.320648193359,-12.1388854980469,4.4444580078125,2.57144165039063,6.5,-26.8695678710938,-1,10.8611145019531,-5.5555419921875,25.5714416503906,-3.5,-3.86956787109375,-11,-16.1388854980469,-8.5555419921875,-1.42855834960938,-6.5,-30.8695678710938,-14,14.8611145019531,16.4444580078125,29.5714416503906,18.5,0.13043212890625,11,7.59464359283447,243.434951782227,347.47119140625,123.690071105957,171.253845214844,45,38.2901649475098,81.8698959350586,12.7243556976318,219.805572509766,210.963760375977,270,-15,-2,3,6,-27,6,8,-12,26,-4,-4,-4,-19,-15,-1,-7,-31,-7,12,10,30,18,0,18,60.2551193237305,135,285.945404052734,36.0273742675781,11.6733598709106,197.587448120117,-2.86111450195313,-1.4444580078125,-17.5714416503906,-3.5,11.8695678710938,4,259.14990234375,9.7617359161377,167.273788452148,0,5,-18,-3,12,-3,347.653991699219,142.318618774414,28.845121383667,229.279876708984,-15,3,8,-7,-19,-10,12,15,36,14,23,3.0438852205533,2.06028641593027,3.37340964115798
7,w2,4;98.0,030,13.9175198298029,15.4483258231743,28.9399948187054,17.464249196573,28.6356421265527,39.5979797464467,36.4005494464026,26.4007575648882,40.0499687890016,17.8044938147649,16,31.9530906173409,14.2361742481911,15.1314689092744,27.3846461626456,13.0831265170519,25.7065751276735,13.3846785310324,23.3420050384933,13.5312314623427,35.2015492565693,26.1730844869457,37.8051272678595,13.058860428371,24.0416305603426,13.8924439894498,32.5269119345812,21.4709105535839,25.298221281347,19.9248588451713,19.2353840616713,14.8660687473185,35.1283361405006,21.5870331449229,38.4837628097877,7.07106781186548,1.64356302972083,13.5643686648803,15.4259344141965,8.98631398011099,13.801740138246,18.6508951455524,15.5188413186348,14.4037244798193,22.168622852881,25.5170810081728,280.784301757813,225,230.194427490234,315,287.354034423828,146.309936523438,184.357955932617,344.792144775391,354.060089111328,13.8772811889648,1.05755615234375,-14.9073333740234,4.05242919921875,-28.7846145629883,2.994873046875,346.759490966797,245.224853515625,315,217.184707641602,294.623565673828,357.137603759766,-17,4,12,26,-28,28,29,22,-11,24,-40,2,141.8427734375,0,339.863708496094,14,-11,-16,0,-30,11,299.347747802734,242.870483398438,323.049621582031,219.996841430664,201.608276367188,291.403930664063,35.6089477539063,67.8578567504883,15.7218065261841,143.438613891602,157.391799926758,117.923614501953,-6.97727966308594,12.4091186523438,6.90000152587891,13.4666748046875,-21.8846130371094,16.4615478515625,10.0227203369141,8.40911865234375,23.9000015258789,9.4666748046875,-4.88461303710938,12.4615478515625,-18.9772796630859,-13.5908813476563,-5.09999847412109,-12.5333251953125,-33.8846130371094,-9.5384521484375,21.0227203369141,-15.5908813476563,34.9000015258789,-14.5333251953125,6.11538696289063,-11.5384521484375,286.927520751953,239.743560791016,315,242.241455078125,198.434951782227,287.525573730469,8.97262668609619,70.3461761474609,4.89909267425537,166.607498168945,155.432830810547,135,-7,23,7,12,-23,23,10,19,24,8,-6,19,-19,-3,-5,-14,-35,-3,21,-5,35,-16,5,-5,267.273681640625,135,278.130096435547,258.622894287109,357.660491943359,170.894638061523,-0.0227203369140625,1.59088134765625,-13.9000015258789,0.5333251953125,14.8846130371094,-2.4615478515625,92.2125930786133,351.582427978516,151.219360351563,0,-9,-14,2,16,-9,295.385620117188,224.081451416016,32.7099227905273,146.780136108398,-7,14,10,10,-19,-12,21,-14,44,30,26,2.69528868935757,4.48627901090237,3.98583273874013
7,w2,4;98.0,030,14.2767191818132,13.4567176213418,26.8724284397209,19.2353840616713,20.0249843945008,18.4390889145858,33.1209903233584,13.0384048104053,23.3452350598575,14.0356688476182,16.4924225024706,30.1496268633627,10.394895294191,10.0028341347055,23.6282910913938,11.5448615689381,25.6544738328521,9.08798261362657,21.6753926609259,10.0763528627918,31.8985685271193,8.39727916625049,19.1996933290497,8.60226834962827,12.6491106406735,3.60555127546399,28,13.9283882771841,22.4722050542442,14.2126704035519,19.4164878389476,17.2626765016321,33.6005952328229,6,20.0249843945008,10.770329614269,2.56502200090257,14.712146898865,12.2346541641133,1.79532357287997,14.2712130762889,15.9059903961161,12.4499209026137,12.1860393040084,21.0383890003807,6.01857015671816,319.398712158203,225,225,104.036247253418,343.300750732422,0,221.921539306641,13.2801914215088,28.0333232879639,10.6227416992188,9.5384521484375,-13.0968627929688,-3.0911865234375,-23.7196044921875,-12.629638671875,27.8972702026367,272.862396240234,347.47119140625,241.113418579102,274.398712158203,43.2642936706543,-17,-9,-1,20,-18,4,16,29,-1,13,-17,-16,175.91438293457,14.0362434387207,5.71059322357178,14,-1,-16,-4,-30,-3,357.455139160156,268.636047363281,6.38979625701904,235.039398193359,227.783538818359,315.495483398438,64.3442535400391,97.057861328125,45.1881408691406,155.078201293945,198.210250854492,50.4154357910156,-10.3846435546875,0.4615478515625,0.23809814453125,10,-23.4815063476563,-2.629638671875,6.6153564453125,9.4615478515625,17.2380981445313,19,-6.48150634765625,6.370361328125,-9.3846435546875,-19.5384521484375,1.23809814453125,-10,-22.4815063476563,-22.629638671875,7.6153564453125,-3.5384521484375,18.2380981445313,6,-5.48150634765625,-6.629638671875,341.565063476563,236.309936523438,0,248.962493896484,212.275650024414,320.710601806641,55.4914779663086,100.00798034668,36.5288543701172,180,177.137588500977,21.8014087677002,-12,4,2,3,-28,0,5,13,19,12,-11,9,-11,-16,3,-17,-27,-20,6,0,20,-1,-10,-4,296.565063476563,105.94539642334,349.695159912109,316.654541015625,31.9154586791992,203.363464355469,-2.6153564453125,1.5384521484375,-13.2380981445313,-8,10.4815063476563,4.629638671875,81.9955139160156,3.12437272071838,188.030853271484,-1,-2,-15,-1,15,2,349.71826171875,247.058547973633,57.6739387512207,162.81901550293,-13,2,4,11,-12,-18,5,-2,26,21,27,2.29127124781951,3.04346663215958,1.40256938548336
7,w2,4;98.0,030,8.4946954905683,7.80281928073536,15.2546616059523,10.0498756211209,16.7630546142402,17.8044938147649,21.2132034355964,10.770329614269,19.6468827043885,9.21954445729289,7.28010988928052,14.560219778561,6.17764987346555,8.52352242641639,13.5792794138795,6.22249542126972,14.7130444416213,5.45530519685531,15.2878557600593,8.26067875297625,19.8800167682248,11.6451057253105,17.2047369528314,5.32031624502591,9.4339811320566,2.82842712474619,13.4164078649987,8.60232526704263,12.0415945787923,5.3851648071345,12.8062484748657,14.3178210632764,19.723082923316,9.48683298050514,18.3575597506858,5.3851648071345,2.37959821722824,6.74047373194955,8.6172746608957,2.26111016872983,7.00479028726563,8.43552911332158,7.19683137849192,8.30246087011682,12.9798360769988,11.4623490761524,288.434936523438,225,225,71.5650482177734,303.690063476563,116.565048217773,207.245346069336,345.990814208984,7.53359317779541,7.55224609375,3.88888549804688,-7.57073974609375,1.88888549804688,-15.1229858398438,-2,354.289398193359,252.645980834961,321.8427734375,225,291.801422119141,14.7435626983643,-10,1,5,16,-14,11,15,15,-4,10,-19,-5,139.398712158203,15.9453954696655,344.054595947266,7,-6,-7,-2,-14,4,318.280700683594,249.81428527832,333.778045654297,209.998580932617,208.409378051758,293.574768066406,51.047607421875,75.5678405761719,30.1998500823975,143.731552124023,169.957962036133,109.983047485352,-4.611083984375,4.11111450195313,2.941162109375,8,-12.1818237304688,6,5.388916015625,3.11111450195313,12.941162109375,7,-2.18182373046875,5,-9.611083984375,-11.8888854980469,-2.058837890625,-8,-17.1818237304688,-10,9.388916015625,-6.88888549804688,16.941162109375,-3,1.81817626953125,-5,302.00537109375,225,333.434936523438,234.462326049805,184.763641357422,291.801422119141,38.6598091125488,77.9052429199219,30.4655456542969,161.565048217773,150.642242431641,111.801406860352,-5,8,2,2,-12,6,5,7,12,1,-2,5,-10,-8,-3,-14,-17,-10,9,-3,16,-9,2,-5,270,80.5376815795898,180,244.006408691406,15.0478515625,181.662475585938,0.611083984375,1.88888549804688,-6.941162109375,-2,8.18182373046875,0,129.289520263672,322.646728515625,181.698303222656,1,-2,-6,4,8,0,299.722412109375,219.223175048828,48.69140625,155.518447875977,-4,6,6,5,-9,-10,10,-5,18,17,11,1.16980291774739,2.54211956862375,1.66277638901343
7,w2,4;98.0,030,11.753821224667,12.1080129172694,23.5177185147704,17.8044938147649,31.0161248385416,23.7697286480094,25,21.540659228538,46.1410879802373,11.7046999107196,18.7882942280559,28.3196045170126,9.37878220399475,15.5302439311976,17.1904781476095,8.5478823083904,15.6305302713152,10.9280579726141,25.601430337336,15.5000315019841,35.4691521849181,21.8466978287473,33.5829343054251,10.6925056752529,15.6204993518133,16.0312195418814,18.6815416922694,4.12310562561766,15.8113883008419,16.4924225024706,21.9544984001002,15,40.7062648740952,24.1867732448956,33.9705755029261,5.65685424949238,2.19128114339803,10.0442252647244,13.4923178105172,4.7845433586144,10.4087604739271,17.9468891387849,10.8960715251742,7.84742255121618,23.4632412741284,23.5869611440269,309.289398193359,206.565048217773,266.185913085938,90,75.0685806274414,206.565048217773,229.375152587891,29.888391494751,39.4857330322266,7.6529541015625,8.9210205078125,-10.4976196289063,-6.0335693359375,-18.1505737304688,-14.95458984375,321.8427734375,268.152404785156,22.2490234375,233.130096435547,68.1985931396484,60.1010971069336,-14,11,1,31,-22,-9,15,20,-8,-20,-23,-40,199.983108520508,64.7988739013672,47.8624038696289,11,4,-8,-17,-19,-21,315.454559326172,266.423675537109,358.181854248047,148.854949951172,196.732162475586,73.0725250244141,72.5335388183594,89.8844833374023,59.1621971130371,225.488067626953,226.847610473633,243.217010498047,-6.6842041015625,6.5789794921875,0.96875,15.5,-17.1818237304688,0.54541015625,7.3157958984375,-4.4210205078125,14.96875,4.5,-3.18182373046875,-10.45458984375,-7.6842041015625,-24.4210205078125,-0.03125,-15.5,-18.1818237304688,-30.45458984375,15.3157958984375,15.5789794921875,22.96875,24.5,4.81817626953125,9.54541015625,309.805572509766,266.423675537109,15.5241107940674,194.036239624023,198.434951782227,75.963752746582,59.9314155578613,90,62.1759033203125,240.255111694336,227.385940551758,225,-10,12,1,16,-18,-5,4,1,15,5,-4,-16,-11,-19,0,-15,-19,-36,12,21,23,25,4,4,296.565063476563,180,90,264.623504638672,42.1420211791992,217.508605957031,-0.3157958984375,1.4210205078125,-7.96875,-7.5,10.1818237304688,7.45458984375,137.386367797852,44.067741394043,230.062149047852,3,-4,-8,-8,11,13,306.484619140625,163.419326782227,71.4127197265625,228.849578857422,-7,8,7,-3,-8,-23,15,17,19,32,22,2.72598298518273,4.61116627450694,3.31776886963082
7,w2,4;98.0,030,12.7323408609941,13.9789469760179,26.694077930491,21.9317121994613,11.4017542509914,26.2488094968134,23.0867927612304,17.7200451466693,33.8378486313773,14.8660687473185,14.7648230602334,27.0739727413618,10.7468530146786,5.8813427894607,24.2270369738518,11.438080633843,22.358951508029,9.13367680497258,15.6640286350122,5.57586899751544,29.0263443484623,18.2070301903391,30.2614580352832,8.92968294647515,12.1655250605964,3.60555127546399,25.4950975679639,13.6014705087354,22.8035085019828,6.40312423743285,19.8494332412792,8.06225774829855,28.6356421265527,14.3178210632764,29.1547594742265,13,1.9434128797057,14.659315175208,12.0407249557916,4.70478932106744,14.308368282484,12.902467423036,12.5967557508374,9.94815214158854,17.4132555352777,16.5994181284787,324.462310791016,146.309936523438,225,75.963752746582,33.6900672912598,270,192.089660644531,7.97146368026733,9.93442058563232,12.449951171875,2.66668701171875,-13.8438720703125,-1.9385986328125,-26.2938232421875,-4.60528564453125,335.772247314453,254.744888305664,17.7446708679199,184.969741821289,73.6104583740234,34.1596946716309,-20,9,3,11,-25,-8,23,2,-5,-17,-28,-19,199.653823852539,331.699249267578,355.763610839844,14,5,-13,7,-27,2,344.713775634766,249.254104614258,357.883575439453,147.375122070313,170.994064331055,62.5491561889648,31.4239044189453,80.537467956543,20.3737049102783,216.513137817383,206.494506835938,264.927764892578,-10.3666381835938,2.83331298828125,2.08331298828125,5.5,-24.2105102539063,0.89471435546875,9.63336181640625,-6.16668701171875,22.0833129882813,-3.5,-4.21051025390625,-8.10528564453125,-13.3666381835938,-8.16668701171875,-0.91668701171875,-5.5,-27.2105102539063,-10.1052856445313,14.6333618164063,10.8333129882813,27.0833129882813,13.5,0.78948974609375,8.89471435546875,9.46232223510742,236.309936523438,348.690063476563,126.027374267578,164.744888305664,38.6598091125488,40.9143829345703,82.8749847412109,12.0947570800781,204.775146484375,202.166351318359,270,-12,-2,2,3,-25,5,8,-11,22,-6,-5,-4,-15,-13,-1,-8,-28,-6,13,6,27,11,0,13,74.0546035766602,90,306.869903564453,4.08459091186523,11.0317974090576,188.598342895508,-2.63336181640625,-0.83331298828125,-15.0833129882813,-3.5,11.2105102539063,1.10528564453125,273.718353271484,1.22188019752502,169.708465576172,-1,4,-15,-1,12,-3,347.646942138672,140.669143676758,28.485876083374,220.112670898438,-13,2,7,-7,-16,-9,12,10,30,12,19,2.63088559644504,1.7785262502807,2.62951807490079
7,w2,4;98.0,030,13.4754597581742,18.2568480302598,31.7252221201843,29.1547594742265,12,37,25.1793566240283,19.2093727122985,38.8973006775534,16.4924225024706,16.7630546142402,32.0156211871642,14.5185397689393,6.0398103814097,31.881341800967,14.6613183850531,27.2230673934913,9.6481197544241,13.715721083296,6.0398103814097,31.3329373478227,25.2247496919647,38.1668851357669,9.56137830179748,15.1327459504216,6.08276253029822,31.7804971641414,16.4012194668567,27.5136329843952,10,18.0277563773199,6.08276253029822,31.4006369362152,22.0907220343745,38.4707681233427,9.21954445729289,2.37400681973553,15.8396632664014,15.8870923181513,4.87850513137934,16.1468785626478,15.8774299263733,16.6132185643509,12.7882013421315,15.9672213007428,22.9323693131978,317.726318359375,143.130096435547,270,108.434951782227,36.8698959350586,216.869903564453,175.981002807617,358.430633544922,357.390411376953,13.4423217773438,-0.9444580078125,-18.25,0.5,-31.6923217773438,1.4444580078125,329.036254882813,270,0,173.1572265625,51.3401908874512,17.9691390991211,-25,15,0,12,-37,0,25,-3,-12,-15,-37,-12,194.036239624023,342.645965576172,358.210083007813,16,4,-16,5,-32,1,331.424499511719,263.417907714844,346.496490478516,146.671264648438,160.694686889648,51.5462417602539,21.6289749145508,96.5820770263672,8.35994911193848,195.980087280273,189.044662475586,231.132278442383,-12.75,6.9444580078125,0.69232177734375,6,-31,7.4444580078125,12.25,-8.0555419921875,25.6923217773438,-9,-6,-7.5555419921875,-12.75,-5.0555419921875,0.69232177734375,-6,-31,-4.5555419921875,24.25,6.9444580078125,37.6923217773438,6,6,7.4444580078125,352.405364990234,260.537689208984,347.275634765625,127.568588256836,160.906509399414,53.1301040649414,33.6900672912598,99.4623184204102,9.16234683990479,185.194427490234,188.972625732422,229.398712158203,-15,2,1,6,-31,7,10,-13,26,-9,-6,-8,-15,-10,1,-6,-31,-5,22,2,38,6,6,7,63.4349479675293,180,90,1.62942504882813,356.826232910156,177.952896118164,-3.25,-0.9444580078125,-16.6923217773438,0,15,-1.4444580078125,271.445281982422,356.886688232422,179.555969238281,-1,4,-17,0,15,-1,335.547119140625,140.565292358398,18.7142009735107,197.450378417969,-16,6,9,-9,-16,-6,21,6,36,13,18,3.93656115105412,1.84269800288849,2.97211491144111
8,w3,4;98.0,030,12.3192853319517,12.8768291552764,24.8849058058224,21.6333076527839,21.5870331449229,29.1547594742265,24.6981780704569,18.6010752377383,41.6173040933696,20.2484567313166,10.295630140987,28.8444102037119,10.6065792754557,10.6485906717279,22.3004980191239,11.104078048949,19.8295200674779,9.58327018139943,21.3845838689192,10.9847818600444,32.3198840841586,21.300236746336,33.6037107746341,9.3891146344956,19.4164878389476,18.2482875908947,21.095023109729,2.23606797749979,21.8403296678416,10.4403065089106,23.259406699226,3.60555127546399,32.2024843762092,19.1049731745428,38.2753184180093,9.4339811320566,1.4084970376512,11.7590448685767,13.1576761654347,8.07609041189048,16.824235536276,12.5496365661557,11.341483245167,10.2982427019021,20.3508464728458,21.8853205344522,333.434936523438,135,265.601287841797,90,71.5650482177734,194.036239624023,205.997955322266,7.96437644958496,16.7799797058105,11.0726928710938,5.4000244140625,-12.7526245117188,-1.7841796875,-23.8253173828125,-7.1842041015625,326.309936523438,256.607513427734,5.90614128112793,201.370620727539,53.7461624145508,35.2175941467285,-18,12,5,21,-29,-3,23,9,-11,-15,-34,-24,200.224853515625,60.9453964233398,33.6900672912598,19,7,-5,-9,-24,-16,331.260284423828,260.417175292969,351.449157714844,141.581878662109,175.661727905273,64.9831924438477,48.032772064209,72.9145889282227,33.1725120544434,202.350799560547,203.687088012695,222.273635864258,-9.29998779296875,5.0999755859375,1.772705078125,10.5,-22.0526123046875,3.3157958984375,8.70001220703125,-6.9000244140625,19.772705078125,-1.5,-4.0526123046875,-8.6842041015625,-14.2999877929688,-15.9000244140625,-3.227294921875,-10.5,-27.0526123046875,-17.6842041015625,19.7000122070313,8.0999755859375,30.772705078125,13.5,6.9473876953125,6.3157958984375,325.491485595703,260.537689208984,354.559661865234,153.434951782227,195.945388793945,73.3007583618164,25.4633445739746,56.3099327087402,36.1581840515137,227.12109375,213.274887084961,212.005386352539,-16,11,3,18,-21,2,2,-1,21,6,-3,-10,-21,-10,-2,-3,-26,-19,13,14,32,21,8,5,324.462310791016,270,123.690071105957,269.518310546875,19.8432102203369,194.042617797852,-0.70001220703125,0.9000244140625,-11.772705078125,-4.5,12.0526123046875,2.6842041015625,146.209533691406,43.0814323425293,201.053970336914,6,-5,-13,-12,11,4,324.980163574219,147.774429321289,45.4049911499023,205.751312255859,-10,6,8,-6,-15,-15,19,9,20,22,19,3.23301521233926,3.16881936295548,2.68873031331243
8,w3,4;98.0,030,12.6852209297825,16.903021859116,29.3762426004619,21.4009345590327,15.8113883008419,35.0142828000232,26,21.6333076527839,45.6070170039655,20.0997512422418,19.7989898732233,36.0555127546399,11.2986542186361,8.10623316762395,25.3791590363606,10.1606080670857,22.0509667547759,11.9764082676922,18.3267573883394,7.73592270221241,35.179569065067,27.3048279635864,39.6465034079486,10.4371271225645,19.1049731745428,12.5299640861417,28.0178514522438,3,23.0867927612304,17.8044938147649,23,3.60555127546399,39.560080889705,24.1867732448956,42.2018956920184,7.28010988928052,4.01418619561575,16.4093911312224,12.9889228420331,7.30224797782249,18.8727479084406,17.2719996247518,13.5449559209584,8.55869688249839,22.3279625899955,23.3475372041327,315,180,239.036239624023,0,57.52880859375,146.309936523438,177.558532714844,11.4265842437744,5.48575687408447,12.6737060546875,-0.540374755859375,-16.5679931640625,-3.34869384765625,-29.24169921875,-2.80831909179688,322.594635009766,235.304840087891,358.363433837891,180,33.6900672912598,15.2551183700562,-17,13,9,13,-35,1,26,0,-18,-12,-44,-12,174.289413452148,45,19.440034866333,20,-2,-14,-14,-34,-12,318.588104248047,238.793685913086,350.645935058594,147.050796508789,164.030776977539,47.8200988769531,17.5503044128418,51.6487808227539,14.6123008728027,193.71484375,188.606964111328,197.422286987305,-8.47369384765625,7.47369384765625,4.20001220703125,6.93331909179688,-25.0416870117188,4.125,8.52630615234375,-5.52630615234375,21.2000122070313,-6.06668090820313,-8.04168701171875,-8.875,-17.4736938476563,-5.52630615234375,-4.79998779296875,-6.06668090820313,-34.0416870117188,-8.875,26.5263061523438,6.47369384765625,39.2000122070313,5.93331909179688,9.95831298828125,3.125,317.12109375,241.389541625977,2.04540848731995,180,175.030258178711,51.8427734375,0,33.6900672912598,20.7255592346191,209.744888305664,193.706954956055,164.054611206055,-14,13,6,11,-28,-1,3,0,23,-2,-11,-14,-23,0,-3,-2,-37,-14,21,12,41,10,7,-2,315,255.963760375977,75.963752746582,22.6386966705322,3.51046442985535,187.981506347656,-4.52630615234375,-2.47369384765625,-17.2000122070313,-1.93331909179688,12.0416870117188,0.875,104.443878173828,15.5879774093628,203.649719238281,1,-8,-19,-6,15,6,334.043090820313,124.286727905273,18.4639472961426,192.186553955078,-13,5,4,-8,-22,-8,22,4,19,15,24,3.33253354137962,2.43519385849616,2.89683589143049
8,w3,4;98.0,030,8.65839889606436,11.0622544753464,19.7039566859967,21.2602916254693,14.0356688476182,25,17,16.6433169770932,29.5296461204668,15.2315462117278,12.0830459735946,19.6468827043885,10.5276190960604,7.02566774934995,19.85266255914,10.7365787477546,18.0155544637615,8.95724369397911,11.5828559060842,7.0114189089816,21.7490705675061,18.2497579222947,26.5397873484329,8.15451222169648,19.1049731745428,7,19.1049731745428,2.23606797749979,17.464249196573,12.369316876853,15.0332963783729,7.07106781186548,23.3238075793812,17.0293863659264,25.9615099714943,6.32455532033676,1.63365236156223,10.2587727797123,9.44665077237266,7.92677788369435,9.65993148875425,10.3341070516482,11.5600322113219,9.92540877032533,13.087178355357,16.632306283403,317.290618896484,135,270,90,74.7448806762695,180,181.470321655273,6.22154951095581,4.13567781448364,8.65554809570313,0.22216796875,-10.9971008300781,-1.1988525390625,-19.6526489257813,-1.4210205078125,318.814086914063,265.914398193359,0,180,57.2647743225098,28.3007564544678,-16,14,1,14,-25,0,17,0,-9,-14,-26,-14,156.801406860352,65.5560455322266,14.7435626983643,14,-6,-5,-11,-19,-5,319.923156738281,265.100860595703,343.678955078125,137.726577758789,157.135498046875,70.0742797851563,38.573802947998,86.7295608520508,22.7797603607178,201.801559448242,195.292984008789,223.169464111328,-8.0555419921875,6.77783203125,0.600006103515625,7,-19.0526428222656,5.5789794921875,7.9444580078125,-7.22216796875,16.6000061035156,-7,-3.05264282226563,-8.4210205078125,-9.0555419921875,-7.22216796875,-0.399993896484375,-7,-20.0526428222656,-8.4210205078125,16.9444580078125,6.77783203125,25.6000061035156,7,5.94735717773438,5.5789794921875,317.12109375,270,353.990997314453,153.434951782227,156.370620727539,75.963752746582,3.81407475471497,81.8698959350586,30.9637565612793,229.763641357422,195.642242431641,198.434951782227,-14,13,0,7,-19,2,2,-1,16,-7,-3,-12,-15,-1,-1,-7,-20,-12,11,13,25,7,6,2,315,0,101.309928894043,14.0943918228149,3.4648163318634,184.864212036133,-1.9444580078125,-0.77783203125,-10.6000061035156,-1,9.05264282226563,0.4210205078125,123.369239807129,3.67989540100098,205.077239990234,4,-7,-10,-1,9,4,326.502410888672,129.849868774414,35.6088752746582,202.556304931641,-10,6,6,-8,-11,-8,15,6,18,15,19,3.26383786306473,2.07933638202923,2.35059703939319
8,w3,4;98.0,030,17.7196321629448,15.7166679063447,33.0750177160658,31.4006369362152,34.2052627529741,30.0166620396073,36.7695526217005,20.6155281280883,51.7397332811061,19.9248588451713,14.0356688476182,33.734255586866,16.0801254975117,16.9848820142162,29.5632828413868,15.3358042206416,29.1368695007283,10.5330243301496,31.3999508060936,17.2324309376599,44.2717275617876,20.7316460732463,38.2655374162652,10.1226196554034,19.8494332412792,19.4164878389476,31.3847096529504,11.6619037896906,29,8.06225774829855,31.2409987036266,14.8660687473185,43.4165866921848,20.5182845286832,39.446165846632,13.0384048104053,3.43320302725625,14.6054602799209,18.5004648669941,5.0145548112518,15.4543496163515,18.9937736044289,16.0010378140583,16.3438622783539,27.9728394041443,24.1092587123324,318.814086914063,180,257.47119140625,90,45,206.565048217773,201.119522094727,4.22834062576294,13.1835384368896,16.5294189453125,6.3846435546875,-15.6738891601563,-1.1588134765625,-32.2033081054688,-7.54345703125,322.765167236328,254.744888305664,1.90915238857269,202.380142211914,75.963752746582,41.0817527770996,-25,19,9,33,-30,-1,34,14,-5,-20,-39,-34,197.525573730469,4.08561658859253,11.9761323928833,19,6,-14,-1,-33,-7,321.019226074219,256.276550292969,342.364410400391,144.59587097168,175.077865600586,72.4626541137695,46.7868461608887,73.2352142333984,32.8941192626953,212.422210693359,207.214981079102,259.606994628906,-12.5,10.1153564453125,4.0294189453125,16.5,-28.1738891601563,8.95654296875,12.5,-8.8846435546875,29.0294189453125,-2.5,-3.17388916015625,-10.04345703125,-21.5,-22.8846435546875,-4.9705810546875,-16.5,-37.1738891601563,-24.04345703125,17.5,11.1153564453125,34.0294189453125,17.5,1.82611083984375,9.95654296875,319.085601806641,258.111328125,337.520568847656,149.036239624023,180,60.2551193237305,39.8055725097656,70.3461761474609,28.9264259338379,223.02507019043,210.465545654297,265.601287841797,-15,13,4,19,-29,12,10,-6,29,0,-4,-7,-24,-20,-5,-14,-38,-21,15,14,34,20,1,13,315,296.565063476563,303.690063476563,223.565093994141,15.9703912734985,190.983749389648,1.5,1.8846435546875,-15.0294189453125,-4.5,17.1738891601563,3.04345703125,174.064437866211,24.9479141235352,181.45246887207,4,-1,-15,-7,18,0,308.735778808594,156.494445800781,47.182056427002,213.99919128418,-11,12,14,-7,-20,-21,19,13,26,34,23,4.68476120391923,5.03841365761493,3.11066695103587
8,w3,4;98.0,030,14.9644247930914,15.9035350851818,30.6149830556286,27.2946881279124,30,35.9026461420325,29.4108823397055,23.7065391822594,51.662365412358,25.5538646783613,18.6010752377383,43.2781700167648,13.5439568800852,15.0008667461994,26.8583461052341,13.7534725160906,24.2438907255463,12.7308719737364,26.5826449052217,15.0008667461994,39.82225098456,27.0724811703621,42.0156380998088,11.8417360441699,13.4164078649987,28.0178514522438,27.459060435492,13.8924439894498,29.1547594742265,18.2482875908947,26.8328157299975,2.23606797749979,44.2040722106007,26.9258240356725,50.9116882454314,8.54400374531753,1.46627750166868,14.4307141168587,16.2051478450287,1.74145053021698,24.2534264562983,19.4396020654955,14.5167411959156,12.8412381039736,25.4513635737202,27.6125746863375,315,180,267.87890625,90,85.9143829345703,180,215.641616821289,20.9539337158203,28.0731182098389,12.1612548828125,8.719970703125,-14.851806640625,-5.6873779296875,-27.0130615234375,-14.4073486328125,331.557067871094,270,12.8750019073486,215.311218261719,62.3540229797363,47.3532981872559,-24,13,0,30,-35,-8,24,17,-11,-21,-35,-38,239.420776367188,36.2538375854492,49.6859016418457,13,22,-15,-11,-28,-33,332.375335693359,269.384063720703,358.735626220703,150.751281738281,184.731994628906,77.0554962158203,63.1650238037109,90.6159210205078,47.6008415222168,211.834945678711,213.189865112305,226.520812988281,-12,6.280029296875,0.1612548828125,15,-26.851806640625,0.5926513671875,12,-6.719970703125,24.1612548828125,2,-2.851806640625,-12.4073486328125,-12,-23.719970703125,0.1612548828125,-15,-26.851806640625,-29.4073486328125,23,14.280029296875,35.1612548828125,23,8.148193359375,8.5926513671875,333.434936523438,267.95458984375,10.4914770126343,149.743560791016,210.963760375977,80.5376815795898,63.4349479675293,116.565048217773,52.3523788452148,211.328689575195,225,200.556045532227,-12,6,1,28,-27,-5,12,-7,25,15,-3,-18,-12,-24,1,-2,-27,-35,23,14,36,36,8,3,90,265.601287841797,104.036247253418,281.656982421875,30.3149089813232,206.076904296875,-1,0.719970703125,-13.1612548828125,-8,13.851806640625,6.4073486328125,279.795104980469,56.7548713684082,220.853866577148,-1,1,-14,-21,14,12,327.891204833984,155.702041625977,61.110107421875,214.69189453125,-13,7,11,-6,-13,-23,22,15,25,31,27,4.05144782622339,4.47286275098773,3.29439430718751
8,w3,4;98.0,030,8.24287312083108,9.13255259108941,16.3906315648054,18.3847763108502,14.422205101856,21,5.09901951359278,15.2643375224737,17.6918060129541,12.2065556157337,11.6619037896906,23.3452350598575,9.25794343171707,11.5101440162933,17.0986339001103,9.17495130388294,12.3008358949021,7.9522500746644,6.02473295755697,7.22544449070866,10.2889883492013,15.2548194543519,23.2416350720574,7.49087987155047,16.2788205960997,19.0262975904404,17.1172427686237,2.23606797749979,13.4164078649987,11.7046999107196,3,9.89949493661167,13.4536240470737,15.6204993518133,27.5862284482674,4.47213595499958,2.56741311587576,6.3643238944556,10.0943001622663,5.70002442594416,11.7710414631941,12.4267107387468,10.7233463240748,7.9092938273265,3.76700832207039,16.8845978243704,312.273681640625,135,262.405364990234,243.434951782227,73.3007583618164,180,221.148803710938,2.33034086227417,20.7060241699219,6.2069091796875,5.4239501953125,-9.125,-0.371337890625,-15.3319091796875,-5.7952880859375,315,303.690063476563,0,168.690063476563,58.3924980163574,42.7093887329102,-13,13,-8,12,-21,0,5,-1,-8,-13,-13,-12,214.99201965332,59.0362434387207,46.7357063293457,10,7,-6,-10,-16,-17,319.122222900391,273.951019287109,340.571594238281,130.840423583984,172.914978027344,66.8605346679688,99.554313659668,175.895141601563,37.8444595336914,203.401718139648,209.607864379883,229.398712158203,-7,6.058837890625,-0.7930908203125,11.4827880859375,-16.125,5.6875,6,-6.941162109375,12.2069091796875,-1.5172119140625,-3.125,-7.3125,1,-5.941162109375,7.2069091796875,-0.5172119140625,-8.125,-6.3125,14,6.058837890625,20.2069091796875,11.4827880859375,4.875,5.6875,312.510437011719,273.012786865234,353.290161132813,153.434951782227,206.565048217773,70.0168914794922,0,225,48.0127868652344,230.194427490234,223.531204223633,206.565048217773,-11,12,-1,19,-17,2,2,-1,12,6,-4,-11,-3,0,7,7,-9,-10,10,12,20,19,4,2,315,257.00537109375,90,257.630310058594,27.2710628509521,196.572326660156,0,1.941162109375,-6.2069091796875,-3.4827880859375,9.125,2.3125,142.962371826172,62.4190292358398,211.899459838867,4,-4,-6,-11,10,6,306.976867675781,145.907943725586,114.296829223633,210.488464355469,-7,8,6,-5,1,-4,14,8,17,29,16,2.7642775294358,2.20471243739156,2.25353829908645
8,w3,4;98.0,030,9.0303891644232,11.0421651315317,20.0399963979314,18.4390889145858,13.6014705087354,25,18.0277563773199,16.2788205960997,31.7804971641414,11.6619037896906,13,24.5967477524977,9.76185570641975,7.11554966904251,18.7973790640492,8.67723320819293,16.4021443441033,8.73091695352955,13.2064848924608,6.52415123137689,23.8841598759164,18.7004456799787,27.4887218034867,8.02806689776902,10,12.1655250605964,20.0249843945008,8.48528137423857,16,12.5299640861417,13.8924439894498,2.23606797749979,26.8328157299975,18.0277563773199,29.5465734053883,5.09901951359278,1.38550878564731,10.3483536648451,9.6954188522101,0.712609640686961,12.3494053500563,12.2936086036607,10.4526461960596,8.15523221619103,14.5819344567173,17.3171248335282,323.130096435547,146.309936523438,259.695159912109,0,68.1985931396484,180,183.684982299805,10.2456550598145,7.29445028305054,9.01171875,0.580390930175781,-10.8660888671875,-1.96405792236328,-19.8778076171875,-2.54444885253906,319.398712158203,252.897277832031,0,183.179824829102,47.4895515441895,24.1455421447754,-14,12,4,13,-25,0,18,1,-11,-12,-29,-13,210.963760375977,22.6198654174805,26.5650520324707,10,6,-12,-5,-22,-11,319.398620605469,257.005584716797,346.497741699219,139.398803710938,162.006881713867,60.661808013916,30.2197360992432,68.4158248901367,21.1331558227539,199.859909057617,194.609191894531,213.140411376953,-7.4117431640625,6.35294342041016,1.5999755859375,6.93333435058594,-18.27783203125,4.38888549804688,6.5882568359375,-5.64705657958984,15.5999755859375,-5.06666564941406,-4.27783203125,-7.61111450195313,-11.4117431640625,-6.64705657958984,-2.4000244140625,-6.06666564941406,-22.27783203125,-8.61111450195313,17.5882568359375,6.35294342041016,26.5999755859375,6.93333435058594,6.72216796875,4.38888549804688,323.130096435547,260.537689208984,357.137603759766,135,180,61.3895416259766,30.2564373016357,26.5650520324707,26.5650520324707,199.440032958984,203.962493896484,191.309936523438,-8,6,2,12,-20,1,6,-6,16,0,-6,-11,-12,-7,-2,-1,-24,-12,17,6,27,12,5,1,0,270,78.690071105957,22.9587650299072,6.21792697906494,188.443481445313,-1.5882568359375,-1.35294342041016,-10.5999755859375,-1.93333435058594,9.27783203125,0.611114501953125,15.2551183700562,30.06858253479,203.045593261719,-1,-1,-11,-7,11,4,326.214904785156,130.64892578125,29.5316600799561,199.612091064453,-9,5,5,-7,-13,-8,16,5,17,15,18,2.7610877242026,2.08292236059509,2.22938172934082
8,w3,4;98.0,030,13.538295339591,10.6599619336798,23.5455174871143,24.1867732448956,29,23.5372045918796,27.0185121722126,17.1172427686237,41.0487515035476,13.4536240470737,10,23.43074902772,11.9171502442739,14.5024518251566,21.0644643838363,12.2778666309378,20.8835169413446,8.94878082939777,25.6146446916402,14.5024518251566,33.2815286023048,16.4128606688542,29.9508702619607,8.33673128323368,12.5299640861417,15.0332963783729,19,11.6619037896906,20.2237484161567,12.1655250605964,25.4950975679639,14.0356688476182,34.6698716467194,16.2788205960997,29.732137494637,6.40312423743285,3.51741996295185,10.3616942663694,13.2406428306872,3.47537674345314,10.0610257728864,13.3760265871048,12.4925318062757,12.5255840274091,22.1023867346563,19.7081271245883,333.434936523438,180,243.434951782227,135,100.304847717285,213.690063476563,220.897613525391,14.0269346237183,29.0898895263672,10.2333374023438,8.8636474609375,-10.3421020507813,-2.583740234375,-20.575439453125,-11.4473876953125,330.255126953125,270,12.2647733688354,218.990997314453,83.2901611328125,55.9228057861328,-21,12,0,29,-23,-5,21,17,-2,-17,-23,-34,221.987213134766,36.8698959350586,39.8055725097656,10,9,-8,-6,-18,-15,331.773284912109,271.053588867188,351.66748046875,148.781555175781,186.875457763672,91.0110168457031,65.8000793457031,88.946418762207,51.2270126342773,220.394729614258,220.622039794922,254.998626708984,-10.5,5.6363525390625,-0.26666259765625,14.5,-20.8421020507813,3.0526123046875,10.5,-6.3636474609375,20.7333374023438,2.5,0.15789794921875,-8.9473876953125,-10.5,-23.3636474609375,-0.26666259765625,-14.5,-20.8421020507813,-25.9473876953125,12.5,10.6363525390625,22.7333374023438,19.5,2.15789794921875,8.0526123046875,331.389526367188,273.814086914063,0,149.036239624023,188.53076171875,99.4623184204102,64.4400329589844,85.9143829345703,56.7682876586914,222.510452270508,222.273681640625,231.340194702148,-11,6,-1,15,-19,0,10,-6,20,3,2,-12,-11,-23,-1,-14,-19,-29,12,11,22,20,4,5,0,0,126.869895935059,242.91650390625,33.5857925415039,205.572952270508,1.5,2.3636474609375,-8.73333740234375,-6.5,11.8421020507813,4.9473876953125,232.795227050781,38.273307800293,220.958038330078,2,2,-8,-7,10,8,315.423217773438,165.046997070313,66.2587890625,224.314666748047,-9,8,12,-4,-9,-21,14,13,22,30,19,3.70117170843207,4.2600735651229,2.54626466654454
8,w3,4;98.0,030,10.0885005934542,10.344929549542,20.4173059065811,20.6155281280883,11.7046999107196,24.0208242989286,20.0997512422418,14.422205101856,29.732137494637,10.0498756211209,11.7046999107196,21.5870331449229,9.89509944436431,5.8813427894607,19.0933298196035,10.7472018908462,19.5769305212064,8.01383200259307,13.0689056081643,5.82440461342542,23.0409964843273,16.7112543023439,26.4686459125631,7.13368573149847,9.4339811320566,6.32455532033676,19.0262975904404,11.3137084989848,19.313207915828,12.369316876853,13.4164078649987,5.3851648071345,25.0798724079689,16.4924225024706,26.4764045897475,5,1.47784941969387,11.5277763482337,8.89063171950457,1.53221758614337,11.4548956385758,10.5668577044887,10.9348115137236,9.95282011448449,14.5217554771294,15.2385662602748,333.434936523438,135,251.565048217773,90,84.2894058227539,180,178.162506103516,2.71552181243896,0.467597007751465,10.0833129882813,-0.323486328125,-10.3333129882813,-0.4901123046875,-20.4166259765625,-0.1666259765625,320.906127929688,250.016891479492,357.614044189453,174.289413452148,56.3099327087402,19.6538238525391,-16,13,4,11,-24,1,20,-2,-8,-12,-28,-10,185.710586547852,19.9831066131592,13.3924980163574,10,1,-11,-4,-21,-5,323.947784423828,249.254104614258,343.779663085938,138.105850219727,157.473922729492,73.0725402832031,23.3342151641846,70.7871398925781,14.2371950149536,196.7763671875,189.788543701172,217.405517578125,-8,5.823486328125,2.08331298828125,5.5,-18.3333129882813,5.3333740234375,8,-7.176513671875,18.0833129882813,-7.5,-2.33331298828125,-7.6666259765625,-12,-5.176513671875,-1.91668701171875,-5.5,-22.3333129882813,-5.6666259765625,16,4.823486328125,26.0833129882813,4.5,5.66668701171875,4.3333740234375,327.99462890625,251.565048217773,356.987213134766,135,158.749496459961,75.963752746582,26.5650520324707,68.1985931396484,23.4985656738281,194.036239624023,190.885528564453,180,-8,5,2,6,-19,1,8,-8,18,-7,-3,-12,-12,-6,-2,-5,-23,-10,16,4,26,5,5,0,90,180,99.4623184204102,12.2028436660767,359.944793701172,181.145492553711,-2,-0.823486328125,-12.0833129882813,-0.5,8.33331298828125,-0.3333740234375,340.514129638672,2.44611024856567,205.271682739258,-2,0,-12,-1,9,4,329.735229492188,131.197891235352,22.208438873291,197.219451904297,-10,5,6,-8,-14,-6,14,4,17,12,18,3.12285424375149,1.77885790701699,1.84301486376434
8,w3,4;98.0,030,14.0899185537463,10.854001075387,23.7008832168919,29.8328677803526,37.0135110466435,25.0798724079689,28.4253408071038,17.1172427686237,42.4381903478459,14.3178210632764,10,21,14.8240509748703,18.0329279478354,24.1319969758951,15.0117116388835,22.5082822460689,10.0627732745153,29.6632824249039,18.9806186134685,35.2830751537111,15.2850414519675,29.2650488154163,7.4215218151282,15,3.16227766016838,20.2237484161567,14.8660687473185,28.8444102037119,16.2788205960997,30.0832179129826,34.0587727318528,38.9486841883009,14.7648230602334,26.0192236625154,5.09901951359278,4.5811952253459,9.97805436226118,13.8198063307829,5.04922233680575,14.5125305405664,14.8362322316516,16.1730001938106,14.881900569681,25.149917054478,19.3358669245039,315,180,225,90,101.309928894043,180,218.367233276367,1.71817767620087,22.5029029846191,11.0471801757813,8.74560546875,-10.84912109375,-0.325439453125,-21.8963012695313,-9.071044921875,320.440338134766,271.548156738281,355.426086425781,219.289413452148,83.2901611328125,55.5610122680664,-23,19,-1,37,-25,2,22,18,-2,-17,-24,-35,155.224853515625,36.8698959350586,0,13,-6,-8,-6,-21,0,321.243530273438,271.629577636719,338.218566894531,139.647186279297,177.518936157227,93.3663177490234,69.1455230712891,91.4707946777344,52.6428489685059,208.443023681641,213.202743530273,249.567489624023,-11.5599975585938,9.280029296875,-0.5128173828125,18.025634765625,-22.4091186523438,8.95458984375,11.4400024414063,-9.719970703125,22.4871826171875,-0.974365234375,0.59088134765625,-10.04541015625,-10.5599975585938,-27.719970703125,0.4871826171875,-18.974365234375,-21.4091186523438,-28.04541015625,13.4400024414063,7.280029296875,24.4871826171875,16.025634765625,2.59088134765625,6.95458984375,323.130096435547,251.565048217773,351.46923828125,137.726318359375,146.309936523438,100.619651794434,68.5522613525391,93.3664627075195,60.8025131225586,208.300750732422,182.202590942383,191.309936523438,-12,9,1,3,-20,3,11,-10,24,-16,3,-16,-11,-28,2,-34,-19,-34,13,7,26,1,5,1,45,93.5763320922852,116.565048217773,240.063583374023,28.5949077606201,198.108383178711,1.55999755859375,3.719970703125,-9.4871826171875,-5.025634765625,12.4091186523438,4.04541015625,237.321533203125,315.066467285156,223.699508666992,2,4,-11,10,10,10,304.988555908203,157.270843505859,70.7931594848633,215.578674316406,-10,13,13,-6,-9,-24,15,11,25,39,22,4.47534428508297,5.56282120214588,2.63383797030736
8,w3,4;98.0,030,16.981464792832,8.17594612218935,24.8432241756046,27.8926513619627,34,9.48683298050514,38.1837661840736,20.591260281974,38.0788655293195,27.8028775489157,16.5529453572468,38.3275357934736,14.715835553181,17.013823313806,17.5861369424449,13.5482907497295,28.1503536879613,12.5508072200489,31.213328571003,17.013823313806,39.3734963212365,9.93471268953359,21.6593534857663,8.71908227188474,20.1246117974981,31.0161248385416,12.5299640861417,9.21954445729289,35.3836120259083,20.6155281280883,30.8058436014987,3.16227766016838,41.4849370253831,15,34.928498393146,3.60555127546399,4.90453590578133,12.1521588370903,12.7204810952938,8.65008848438466,24.0100431669235,14.5860984366653,12.6431136505163,17.6984664001317,27.1706967205457,11.4999254849228,331.927520751953,225,243.434951782227,90,141.340194702148,116.565048217773,221.009124755859,60.3740882873535,47.273998260498,12.8143005371094,11.1428833007813,-4.04165649414063,-7.10711669921875,-16.85595703125,-18.25,345.465545654297,270,18.4349479675293,225,150.945388793945,76.3286895751953,-27,7,0,34,-9,-3,27,27,18,-10,-9,-37,232.305755615234,115.016891479492,74.8759918212891,17,22,7,-15,-10,-37,336.545867919922,272.309783935547,4.07594728469849,175.160995483398,200.807861328125,138.903579711914,64.3731994628906,87.6902084350586,63.5434265136719,296.933563232422,247.426605224609,348.421569824219,-13.5,5.85711669921875,-0.685699462890625,17,-17.5416564941406,-1.25,13.5,-1.14288330078125,26.3143005371094,10,9.45834350585938,-8.25,-13.5,-28.1428833007813,-0.685699462890625,-17,-17.5416564941406,-35.25,-4.5,8.85711669921875,8.31430053710938,20,-8.54165649414063,1.75,333.434936523438,271.847595214844,28.6104602813721,192.52880859375,222.709396362305,140.906143188477,54.2461128234863,71.5650482177734,74.6237487792969,306.869903564453,256.759490966797,56.3099327087402,-18,9,-1,31,-11,-6,9,2,26,24,16,-13,-18,-25,-1,-3,-11,-40,-9,12,8,34,-2,-3,315,274.085601806641,131.185928344727,212.525192260742,44.4226989746094,229.997802734375,3.5,2.14288330078125,-9.31430053710938,-9,7.54165649414063,9.25,176.647415161133,69.6114959716797,263.562896728516,8,-1,-9,-23,1,14,317.790832519531,184.842788696289,69.8388137817383,271.817413330078,-10,8,17,1,-10,-26,-1,11,28,35,24,4.12377385479902,5.04317401176252,3.48156349701937
8,w3,4;98.0,030,9.20770095629108,13.3157365641275,22.2310281146127,20.5182845286832,10.4403065089106,28.2842712474619,18.4390889145858,22.2036033111745,34.0147027033899,16.1245154965971,15.8113883008419,23.5372045918796,10.0814431214138,5.20727360947728,21.2739902735229,10.4494836613685,18.7550531981502,11.0387800653775,11.1391428186607,5.23339603313772,24.3803227321375,22.9848157524903,30.7988663138336,11.2266585569019,18.3847763108502,5.09901951359278,22,2.23606797749979,18.3575597506858,15.6524758424985,16.2788205960997,5.3851648071345,26.9258240356725,22.6715680975093,30.364452901378,7.21110255092798,4.08585319015511,12.9484539611655,9.31202781128384,7.8206615028482,12.4940597117355,11.7828894128052,12.6644117589233,9.35684255984828,15.224825604962,18.9623649674953,323.130096435547,135,251.565048217773,63.4349479675293,51.3401908874512,198.434951782227,169.923004150391,8.7260856628418,1.05431914329529,9.06565856933594,-1.611083984375,-13.1616058349609,-2.0201416015625,-22.2272644042969,-0.4090576171875,316.974945068359,253.300750732422,8.13010215759277,167.47119140625,54.1623458862305,24.3045501708984,-15,14,3,10,-28,-4,18,-4,-13,-18,-31,-14,150.255111694336,55.3048477172852,12.2647733688354,14,-8,-9,-13,-23,-5,319.022125244141,253.779815673828,347.537506103516,134.999877929688,151.323043823242,58.4697189331055,17.7121391296387,72.8240814208984,12.8183975219727,207.494033813477,196.990829467773,229.927185058594,-7.61111450195313,6.611083984375,1.45454406738281,5,-20.7727203369141,4.5909423828125,7.38888549804688,-7.388916015625,16.4545440673828,-9,-5.77272033691406,-9.4090576171875,-10.6111145019531,-3.388916015625,-1.54545593261719,-5,-23.7727203369141,-5.4090576171875,20.3888854980469,10.611083984375,29.4545440673828,9,7.22727966308594,8.5909423828125,315,258.690063476563,0,153.434951782227,150.642242431641,63.4349479675293,349.380340576172,68.1985931396484,21.8014087677002,228.57633972168,197.241455078125,213.690063476563,-13,13,1,5,-22,0,2,-1,16,-9,-7,-14,-16,3,-2,-5,-25,-10,15,17,29,9,6,4,315,0,78.690071105957,18.3239116668701,358.554931640625,184.530746459961,-4.38888549804688,-1.611083984375,-13.4545440673828,0,8.77272033691406,0.4090576171875,101.13404083252,358.502380371094,206.875732421875,1,-8,-13,0,10,5,335.128082275391,112.033508300781,17.8763160705566,209.461898803711,-12,5,3,-9,-15,-5,16,9,18,11,22,3.18470103064328,1.56894423449866,3.39075001559417
8,w3,4;98.0,030,16.5872723172106,14.2564524335016,30.0241454652319,23.6008474424119,34.2052627529741,33.2415402771893,33.8378486313773,22.8035085019828,55.9732078766261,18.2482875908947,17,31.6227766016838,11.4834435169533,16.7919594531726,23.8643389565161,12.1894166124063,22.2585170657098,11.9909973555786,32.8396515997743,17.5171840834791,44.3890323214311,25.3172033131783,41.5299470724379,11.6319948715114,21.4009345590327,16.0312195418814,25.0798724079689,2.23606797749979,20.0997512422418,17.0880074906351,32.8024389337135,18.7882942280559,48.7954915950234,23.3452350598575,39.446165846632,8.24621125123532,3.72307396593605,13.6167540806807,16.4589799778218,9.05164326302998,11.5562428026708,20.0693346433503,12.8913586783417,11.2823480100789,29.2974728215576,27.9157908113048,329.743560791016,135,266.185913085938,90,80.5376815795898,180,219.060852050781,12.5079221725464,26.8059120178223,12.879638671875,10.452392578125,-13.9180908203125,-3.08758544921875,-26.7977294921875,-13.5399780273438,323.615661621094,254.744888305664,6.91122722625732,214.159698486328,52.1250152587891,41.3785171508789,-19,14,9,33,-33,-4,28,19,-14,-18,-42,-37,189.462326049805,61.9275131225586,34.6951522827148,18,3,-8,-15,-26,-18,328.221496582031,259.300109863281,352.874938964844,139.277099609375,186.448867797852,67.0270004272461,55.1576461791992,70.3786239624023,42.589672088623,203.382568359375,209.578765869141,216.751922607422,-9.761962890625,6.047607421875,3.11767578125,16.5,-23.6800537109375,2.96002197265625,9.238037109375,-7.952392578125,22.11767578125,2.5,-4.6800537109375,-11.0399780273438,-18.761962890625,-26.952392578125,-5.88232421875,-16.5,-32.6800537109375,-30.0399780273438,23.238037109375,10.047607421875,36.11767578125,20.5,9.3199462890625,6.96002197265625,322.594635009766,266.423675537109,4.57392120361328,153.434951782227,185.710586547852,69.4439544677734,37.5685920715332,64.7988739013672,45.8303146362305,226.735702514648,210.465545654297,194.036239624023,-17,13,1,16,-25,-2,2,-1,20,2,-6,-16,-26,-20,-8,-17,-34,-35,16,17,34,20,8,2,323.130096435547,14.0362434387207,98.1301040649414,252.062881469727,30.4963531494141,203.75341796875,0.761962890625,2.952392578125,-12.11767578125,-7.5,14.6800537109375,6.03997802734375,157.866989135742,33.6902351379395,215.273788452148,8,-4,-10,-7,16,11,311.936370849609,156.989440917969,53.039909362793,209.131210327148,-9,9,10,-5,-18,-24,24,13,21,34,25,3.51425198400224,4.89477752420029,2.98910039743629
8,w3,4;98.0,030,14.6459518724458,22.8626255350834,37.4080758139675,22.2036033111745,20.8806130178211,47.8539444560216,36.2353418639869,27.7308492477241,54.1294744108974,15.0332963783729,25.9422435421457,40.1621712560464,13.1435880280082,10.1980390271856,34.5473255195922,13.1720881507072,27.2946881279124,13.3926759795271,23.0652098678941,10.770329614269,44.3983172164263,35.2367550471095,49.0102030193714,14.4214941163824,18.3847763108502,14.142135623731,36.0138862107382,18.3575597506858,29.4108823397055,14.560219778561,20.2484567313166,7.21110255092798,46.0977222864644,34.2344855372474,49.254441424099,13.6014705087354,3.84510260730005,18.3006693459258,19.1135444734328,7.84635688584209,19.6371055536332,20.7513620593324,16.7643747050433,10.6646381013669,26.0749196927904,31.398726306104,312.510437011719,225,261.253845214844,56.3099327087402,342.897277832031,180,197.893707275391,9.2939920425415,12.6502313613892,13.9375,4.5,-22.5625,-3.69232177734375,-36.5,-8.19232177734375,7.76516580581665,253.300750732422,349.159698486328,219.400665283203,334.359008789063,11.7251119613647,-22,-3,6,20,-47,9,28,23,-25,12,-53,-11,183.814071655273,27.5528106689453,18.8860874176025,15,1,-23,-12,-38,-13,335.262908935547,258.690063476563,357.000640869141,220.188461303711,208.442932128906,338.962554931641,38.9507713317871,68.1985931396484,24.1892890930176,174.299514770508,181.169143676758,150.084487915039,-11.9375,5.5,2,10,-34.5,1.80767822265625,10.0625,8.5,24,13,-12.5,4.80767822265625,-17.9375,-14.5,-4,-10,-40.5,-18.1923217773438,35.0625,-3.5,49,1,12.5,-7.19232177734375,315,261.869903564453,358.408874511719,240.642242431641,215.311218261719,344.054595947266,20.2248592376709,56.3099327087402,24.3410892486572,186.709838867188,185.82633972168,143.972625732422,-13,13,2,14,-36,1,9,16,24,17,-14,4,-19,-7,-4,-6,-42,-19,34,4,49,5,11,-8,278.130096435547,284.036254882813,45,357.580505371094,13.7108936309814,191.634689331055,-4.0625,-0.5,-18,-5,18.5,3.19232177734375,69.255615234375,25.1245803833008,192.983795166016,-3,-8,-18,-9,20,4,340.259582519531,234.31608581543,33.3577308654785,173.89794921875,-16,5,6,8,-22,-15,31,-4,32,21,26,2.64598089412897,3.02101193775289,4.03469359468233
8,w3,4;98.0,030,14.730625009631,13.6969074260633,28.0763994908933,25.2388589282479,30.4138126514911,29.0688837074973,30.5286750449475,17.8885438199983,46.690470119715,17,18.0277563773199,30.886890422961,12.9832153221321,15.1690085302986,24.3772770371337,12.2778666309378,23.2795446411334,9.64620356238882,27.2099747842054,15.2485492223366,38.3438254507592,20.8592734834437,35.5818226760311,8.50002441420275,20.6155281280883,13.0384048104053,26.0768096208106,5.09901951359278,22.0227155455452,16.7630546142402,27.0185121722126,17.464249196573,44.5533388198909,19.8494332412792,33.5410196624968,3,3.02482530004681,12.0196590683333,16.0838219106931,7.86197853004139,10.1367800569242,21.0912131196846,13.3107911667548,12.9084313895253,24.186635226801,23.6138503650523,315,180,265.236358642578,90,78.690071105957,180,209.992523193359,11.9510660171509,21.3025512695313,12.758056640625,7.3636474609375,-13.4000244140625,-2.8363037109375,-26.1580810546875,-10.199951171875,326.309936523438,260.537689208984,3.94518613815308,211.607498168945,63.4349479675293,43.2642936706543,-21,14,5,30,-29,-2,26,16,-8,-16,-34,-32,180,56.3099327087402,29.0546035766602,17,0,-10,-15,-27,-15,323.97265625,261.439147949219,348.643859863281,148.781555175781,182.461959838867,72.5040130615234,55.2745933532715,79.6409149169922,41.0874481201172,207.514282226563,208.539993286133,233.130432128906,-10.5,7.6363525390625,2.258056640625,15,-23.9000244140625,4.800048828125,10.5,-6.3636474609375,23.258056640625,1,-2.9000244140625,-9.199951171875,-15.5,-22.3636474609375,-2.741943359375,-15,-28.9000244140625,-25.199951171875,18.5,9.6363525390625,31.258056640625,17,5.0999755859375,6.800048828125,320.906127929688,265.601287841797,4.39870548248291,168.690063476563,177.397430419922,72.6459732055664,38.9909934997559,76.7594833374023,45.9093818664551,229.08561706543,206.565048217773,180,-16,13,1,13,-26,-2,5,-1,22,-1,-5,-16,-21,-17,-4,-17,-31,-32,13,15,30,15,3,0,315,45,82.8749847412109,233.581451416016,24.2127017974854,199.128173828125,1.5,2.3636474609375,-11.258056640625,-5,14.9000244140625,5.199951171875,158.122436523438,16.7983093261719,214.910552978516,7,-3,-10,-3,17,12,310.837982177734,162.276809692383,55.4863090515137,210.741073608398,-9,10,12,-4,-14,-20,20,12,22,31,20,3.7539850087241,4.49577989958321,2.67888324065048
8,w3,4;98.0,030,16.7267659840101,16.6762179951878,32.6293530468547,22.0227155455452,34.0147027033899,35.1283361405006,35.3553390593274,24.7588368062799,59.6405902049938,25.4950975679639,18.0277563773199,42.2018956920184,10.7683068050859,16.8463882990845,25.2614357487055,11.2625964984083,22.4502162405174,12.847258349419,33.1823631529945,17.334815734969,47.4479859447884,28.1890570142868,44.5990352620608,12.192712826575,11.4017542509914,27.2029410174709,26.0192236625154,10.6301458127347,27.7308492477241,15.8113883008419,33.2415402771893,7.81024967590665,50,27.8567765543682,51.8652099195598,9.8488578017961,3.58860167203181,14.0814612466365,18.5882747683253,3.42328539982582,22.189090540348,20.6726484524131,12.4642908592888,10.3867596719741,29.9651591385916,30.5177167400884,323.130096435547,143.130096435547,252.255325317383,33.6900672912598,56.3099327087402,180,214.021301269531,9.31064510345459,21.6849632263184,13.863639831543,9.358642578125,-16.4565200805664,-2.697998046875,-30.3201599121094,-12.056640625,320.527526855469,245.695449829102,4.89909267425537,208.739791870117,43.3634223937988,34.7559127807617,-17,14,14,31,-35,-3,31,17,-18,-17,-49,-34,228.179824829102,19.440034866333,36.3268241882324,17,19,-17,-6,-34,-25,322.125122070313,251.434707641602,351.088806152344,139.000076293945,185.033462524414,51.733757019043,47.3069076538086,60.1184234619141,34.8113327026367,199.934814453125,205.172149658203,214.540252685547,-8.5,6.611083984375,5.36363983154297,15.9697265625,-24.9565200805664,3.9130859375,8.5,-7.388916015625,22.363639831543,1.9697265625,-7.95652008056641,-10.0869140625,-22.5,-24.388916015625,-8.63636016845703,-15.0302734375,-38.9565200805664,-27.0869140625,26.5,9.611083984375,40.363639831543,18.9697265625,10.0434799194336,6.9130859375,322.125030517578,252.897277832031,357.797393798828,138.814071655273,205.641006469727,55.3048477172852,46.2188758850098,39.8055725097656,36.8698959350586,201.037506103516,213.996459960938,203.962493896484,-9,7,8,26,-26,1,8,-7,25,12,-9,-13,-23,-24,-6,-5,-40,-30,26,10,43,29,9,4,0,264.289398193359,90,252.196594238281,24.9587574005127,199.205490112305,0.5,3.388916015625,-13.363639831543,-5.9697265625,16.9565200805664,6.0869140625,242.187759399414,46.0396842956543,205.893783569336,1,3,-16,-16,18,9,306.435607910156,157.515960693359,44.4177856445313,205.270614624023,-8,10,9,-4,-22,-21,27,13,18,33,23,3.44397446809218,5.01909827332271,3.55937086241081
8,w3,4;98.0,030,17.2663533350572,13.2308472838818,29.325554947806,23.43074902772,35.4682957019364,27.2946881279124,35.8468966578698,14.2126704035519,49.4064773081425,21.6333076527839,12.0415945787923,26.1725046566048,12.0766123118035,17.5772442830176,23.8623708148381,11.3695292685748,24.1055529006777,7.56776977334392,33.2621730020789,17.9005511487391,42.7766874814004,18.4505736087555,35.3431289316413,6.71766137158426,21.2602916254693,2.82842712474619,24.5153013442625,2.23606797749979,23.8537208837531,11.6619037896906,34.6698716467194,32.8937684067971,46.4004310324807,14.8660687473185,29.0688837074973,3.16227766016838,6.80204322144938,10.7486513346682,18.6606826469411,12.1084312717261,12.1919802042004,21.4350079740244,13.2397272401423,14.2293949318915,26.5115429689879,24.594828963999,316.974945068359,135,225,59.0362434387207,60.9453964233398,180,209.290634155273,357.133666992188,15.3963241577148,15.058837890625,8.4473876953125,-13.2142944335938,0.66162109375,-28.2731323242188,-7.7857666015625,320.194427490234,248.498565673828,351.573028564453,210.141387939453,50.7105941772461,35.9421119689941,-18,15,13,33,-27,4,31,18,-9,-11,-40,-29,146.309936523438,48.3664588928223,353.418060302734,18,-12,-8,-9,-26,3,318.179901123047,249.836654663086,338.580902099609,142.33430480957,183.567611694336,56.1601104736328,48.5923500061035,67.1846542358398,34.5923385620117,192.688293457031,200.712295532227,224.568954467773,-9,8.0526123046875,6.058837890625,16.5,-22.2142944335938,8.7142333984375,9,-6.9473876953125,24.058837890625,1.5,-4.21429443359375,-6.2857666015625,-22,-24.9473876953125,-6.941162109375,-16.5,-35.2142944335938,-24.2857666015625,18,4.0526123046875,33.058837890625,12.5,4.78570556640625,4.7142333984375,318.814086914063,225,348.231719970703,153.434951782227,146.976135253906,59.0362434387207,33.2317123413086,70.4633483886719,37.1168594360352,222.273681640625,176.054809570313,198.434951782227,-16,14,2,2,-24,5,2,-1,20,-13,-6,-10,-29,-19,-11,-31,-37,-28,11,10,29,-2,3,1,319.398712158203,71.5650482177734,68.1985931396484,222.303009033203,21.0987567901611,192.115325927734,5,3.9473876953125,-10.058837890625,-4.5,18.2142944335938,3.2857666015625,173.506912231445,299.314544677734,200.854385375977,12,-2,-6,10,20,7,287.445434570313,170.415344238281,50.2029762268066,200.543395996094,-4,12,14,-3,-17,-21,23,8,19,34,14,3.53619349084989,5.1954995930717,2.21319379043329
8,w3,4;98.0,030,8.43530397889077,11.8958808084773,20.3193279829554,16.9705627484771,11.7046999107196,22.0227155455452,16.0312195418814,14.8660687473185,27.8567765543682,9.05538513813742,12.6491106406735,21.5870331449229,8.48528137423857,5.60905358527983,19.4780529973834,8.48528137423857,15.9639351135627,6.9014065124527,11.1803398874989,6.13941684150787,21.8964073317434,16.7630546142402,24.7231063973571,8.31269194647556,8.48528137423857,5.8309518948453,20.591260281974,8.48528137423857,16.5529453572468,6.32455532033676,11.1803398874989,6.08276253029822,22.0227155455452,16.7630546142402,25.3179778023443,9.8488578017961,2.27182766279335,10.6867644849195,9.63339552232621,2.27182766279335,11.3068202571665,10.3824601262506,10.5131669560156,6.61783366471296,12.969599736911,14.8919552708437,315,135,225,71.5650482177734,0,225,173.717407226563,349.745697021484,351.393402099609,8.3846435546875,-0.923095703125,-11.7058715820313,2.11767578125,-20.0905151367188,3.040771484375,315,250.016891479492,357.397430419922,176.42366027832,47.7263107299805,21.0375118255615,-12,12,4,11,-22,1,16,-1,-10,-11,-26,-10,173.659805297852,341.565063476563,346.607513427734,9,-1,-12,4,-21,5,315,244.840362548828,335.369781494141,135,154.299240112305,34.2317085266113,26.5650520324707,74.7451782226563,7.56405830383301,197.354019165039,189.491577148438,238.897216796875,-6,6,2.3846435546875,5.076904296875,-17.7058715820313,8.11767578125,6,-6,14.3846435546875,-6.923095703125,-5.70587158203125,-3.88232421875,-10,-5,-1.6153564453125,-5.923095703125,-21.7058715820313,-2.88232421875,16,5,24.3846435546875,4.076904296875,4.29412841796875,7.11767578125,315,239.036239624023,330.945404052734,135,154.983108520508,18.4349479675293,26.5650520324707,80.5376815795898,2.60256218910217,197.354019165039,189.090270996094,246.037506103516,-6,6,3,5,-18,10,6,-6,15,-7,-6,-2,-10,-5,-1,-6,-22,-1,16,5,25,4,4,9,180,135,288.434936523438,345.069580078125,351.885681152344,170.847290039063,-3,0,-11.3846435546875,0.923095703125,8.70587158203125,-2.11767578125,345.069580078125,351.940002441406,160.79866027832,-3,0,-12,1,9,-4,321.2158203125,125.095573425293,19.9004058837891,202.027816772461,-9,6,3,-6,-13,-5,13,5,13,13,17,2.669131011215,1.77380378923085,2.09546633059952
8,w3,4;98.0,030,11.3415378168501,9.94223591952934,19.0722704803883,24.6981780704569,31.7804971641414,23.0217288664427,22.8035085019828,14.142135623731,35.7770876399966,12.6491106406735,8.54400374531753,20.0249843945008,12.070921265889,16.1056084951796,21.0579095066619,12.6446749372924,16.8119191349471,7.84557100735096,25.2887834799302,15.7207068861422,29.0985790174991,14.3044160976529,24.882536546743,6.69689439872214,12.5299640861417,2.23606797749979,19.2353840616713,12.2065556157337,24.5967477524977,10.1980390271856,25.3179778023443,30.0832179129826,30.4630924234556,13.8924439894498,24.1867732448956,5.65685424949238,4.2381424595482,7.82041728533531,11.4576050848442,4.26957486576233,13.7860596766933,11.4302197630327,14.3369578827318,11.2590034286443,21.0557185393001,17.0654622543963,330.945404052734,180,225,90,102.52880859375,198.434951782227,237.312942504883,4.48853874206543,32.7709884643555,6.125,9.54541015625,-9.9117431640625,-0.778076171875,-16.0367431640625,-10.323486328125,328.240509033203,282.724365234375,2.48955297470093,232.125015258789,81.8698959350586,63.4349479675293,-21,13,-7,31,-23,-1,14,18,-2,-14,-16,-32,161.565048217773,20.5560455322266,357.137603759766,12,-4,-8,-3,-20,1,330.442260742188,285.762145996094,345.76953125,146.138732910156,188.551834106445,94.3000411987305,82.0446548461914,99.6121139526367,62.5543403625488,209.090133666992,221.537933349609,247.263961791992,-10.5,5.95458984375,-4.375,15.5,-20.4117431640625,5.176513671875,10.5,-7.04541015625,16.625,2.5,0.5882568359375,-7.823486328125,-3.5,-25.04541015625,2.625,-15.5,-13.4117431640625,-25.823486328125,12.5,6.95458984375,18.625,16.5,2.5882568359375,6.176513671875,331.389526367188,243.434951782227,351.027374267578,145.00798034668,153.434951782227,101.309928894043,80.9097213745117,105.422164916992,66.8014068603516,210.256439208984,187.125015258789,225,-11,6,1,2,-19,3,10,-7,22,-11,2,-10,-4,-25,8,-29,-12,-28,12,7,24,3,4,4,45,105.94539642334,135,264.603881835938,42.92529296875,205.859619140625,-0.5,4.04541015625,-6.625,-5.5,9.4117431640625,4.823486328125,257.850891113281,323.635925292969,218.87548828125,0,4,-12,8,8,7,314.795104980469,165.463088989258,81.5296936035156,220.902206420898,-11,10,10,-3,-4,-21,12,11,22,32,17,3.79345369077238,4.63437327144318,2.02964595095535
8,w3,4;98.0,030,18.8510874847659,13.8901324554929,32.0640316817169,29.0688837074973,30.6757233003559,27.0739727413618,39.3954312071844,15.0332963783729,48.2700735445887,18.8679622641132,15.2970585407784,31.7804971641414,14.3805522002551,15.0153318454932,27.4320182451091,14.6951438999594,29.9376261577556,7.55086915526948,32.4222927434275,15.7308519206378,43.7266008855022,16.1985510161175,35.0294377458397,7.50104159433875,14.3178210632764,16.2788205960997,29.4108823397055,14.7648230602334,29.1547594742265,4.47213595499958,32.5269119345812,14.7648230602334,42.9418211071678,16.1245154965971,34.9857113690718,11.0453610171873,5.24305383264771,13.8143524999256,18.3354645060787,5.3395940743896,13.6248937508887,19.0212389062252,13.0919099332209,17.3661218391102,27.2009424425344,21.3832628683015,344.054595947266,180,258.690063476563,90,45,243.434951782227,206.298080444336,2.67472147941589,16.3012924194336,16.9000244140625,8.351806640625,-13.875,-0.648193359375,-30.7750244140625,-9,333.434936523438,250.974395751953,4.23639488220215,203.962493896484,86.1859283447266,39.9575500488281,-26,13,10,29,-27,-2,36,16,-1,-15,-37,-31,212.005386352539,348.690063476563,12.7243556976318,16,10,-15,3,-31,-7,334.688751220703,254.945587158203,348.434051513672,152.207992553711,182.871963500977,83.345573425293,44.8148193359375,67.1840972900391,32.5088768005371,210.199996948242,208.101333618164,269.045166015625,-13,6.148193359375,3.9000244140625,14.5,-26.875,5.5,13,-6.851806640625,29.9000244140625,1.5,-0.875,-7.5,-23,-22.851806640625,-6.0999755859375,-14.5,-36.875,-23.5,14,8.148193359375,30.9000244140625,16.5,0.125,7.5,335.224853515625,259.380340576172,342.181121826172,151.699249267578,185.906143188477,63.4349479675293,45,61.6992454528809,27.7585411071777,209.744888305664,210.963760375977,275.194427490234,-13,6,3,16,-28,9,13,-7,29,3,-2,-4,-23,-23,-7,-13,-38,-20,14,8,30,18,-1,11,90,333.434936523438,303.690063476563,220.039306640625,21.1256046295166,192.668411254883,4,2.851806640625,-12.9000244140625,-5.5,17.875,3.5,221.2568359375,28.3930797576904,181.569915771484,4,3,-12,-7,19,0,313.343475341797,168.443984985352,45.7342872619629,212.60139465332,-9,9,17,-4,-19,-20,18,11,27,30,16,4.36739083948563,4.40019705148316,2.29397861608922
8,w3,4;98.0,030,11.9990844080796,10.0457058987579,21.3609659885021,15.8113883008419,26.3058928759318,22.2036033111745,24.0416305603426,15,38.9486841883009,12.8062484748657,13.0384048104053,25.8069758011279,8.25378700960959,13.1473639646931,16.6129898824509,7.55810822891549,15.4883802375901,7.63267110427137,23.8143864082197,13.1586308535068,31.3898741078439,17.106285394556,28.8135914503379,7.59327430495923,9.4339811320566,13.1529464379659,19.1049731745428,6.40312423743285,15.52417469626,12.5299640861417,24.1867732448956,13.1529464379659,36.2353418639869,16.1245154965971,28.8444102037119,3.16227766016838,3.6660000272855,8.6725702866202,12.731429618597,4.16965200591703,8.70302747919211,17.1055756854347,9.56520651030718,7.89621626153219,20.1492481006692,20.1430798009161,333.434936523438,180,265.236358642578,90,69.4439544677734,180,223.436676025391,14.704776763916,30.3708267211914,8.71295166015625,8.25,-9.7166748046875,-2.54998779296875,-18.4296264648438,-10.7999877929688,325.304840087891,261.253845214844,7.76516580581665,225,53.1301040649414,48.1221313476563,-13,9,4,26,-22,-3,17,17,-9,-12,-26,-29,218.659805297852,32.47119140625,35.5376777648926,10,8,-11,-7,-21,-15,324.865814208984,261.413421630859,352.39013671875,145.784301757813,194.966735839844,62.9872398376465,63.165958404541,81.0943984985352,49.3062896728516,206.939529418945,213.730926513672,223.221313476563,-6.75,4.75,1.96295166015625,13,-16.4666748046875,2.20001220703125,6.25,-4.25,14.9629516601563,4,-3.4666748046875,-6.79998779296875,-10.75,-21.25,-2.03704833984375,-13,-20.4666748046875,-23.7999877929688,15.25,7.75,23.9629516601563,16,5.5333251953125,5.20001220703125,327.99462890625,261.253845214844,6.00900602340698,141.340194702148,194.931411743164,61.3895416259766,60.2551193237305,81.2538375854492,50.5993385314941,209.744888305664,213.690063476563,198.434951782227,-8,5,2,13,-19,-2,5,-4,15,4,-6,-11,-12,-21,-2,-13,-23,-28,14,8,24,16,3,1,0,180,68.1985931396484,244.308670043945,34.7747230529785,207.372512817383,0.75,3.25,-7.96295166015625,-5,10.4666748046875,5.79998779296875,227.082641601563,34.6356086730957,215.996627807617,2,3,-8,-5,13,10,302.651580810547,173.116195678711,62.9580612182617,213.281555175781,-6,8,7,-1,-10,-18,16,11,16,27,15,2.42492649426613,3.9070491399954,2.30336568198593
8,w3,4;98.0,030,9.52139151053503,13.5980932385495,22.9615022165425,17.6918060129541,13.0384048104053,27.2029410174709,20.0249843945008,23.8537208837531,38.0788655293195,10.0498756211209,18.0277563773199,27.3130005674953,8.14312914687886,6.38846616959032,19.439591001307,9.56966544026935,17.5017856231871,12.2125640934079,14.4791195481177,6.65676347784717,28.0055971152638,23.7411734329755,32.2150973923718,11.6503940994756,7.81024967590665,7.21110255092798,21.5870331449229,9.89949493661167,18.0277563773199,18.7882942280559,14.3178210632764,5.8309518948453,32.2490309931942,23.8537208837531,33.1058907144937,5.8309518948453,4.43209615150848,13.74772108277,9.2229661061424,4.60853604747644,14.5684028074551,13.6094855409156,10.9130790317863,8.93367930839611,18.9110100156864,19.405283314513,326.309936523438,135,251.565048217773,45,45,180,181.805862426758,15.4241275787354,9.82117080688477,9.51666259765625,0.300048828125,-13.1083374023438,-3.6165771484375,-22.625,-3.9166259765625,317.290618896484,237.52880859375,17.1027297973633,177.137588500977,56.976131439209,29.931510925293,-13,12,7,11,-26,-8,20,-1,-13,-20,-33,-19,185.710586547852,33.6900672912598,23.7494945526123,10,1,-15,-10,-25,-11,320.314788818359,239.420776367188,355.328033447266,134.717575073242,158.198593139648,58.5332679748535,23.6144561767578,55.7131233215332,19.6480121612549,213.779205322266,204.775146484375,235.343841552734,-6.26666259765625,5.199951171875,3.25,5.5,-19.375,1.5833740234375,6.73333740234375,-6.800048828125,16.25,-6.5,-6.375,-10.4166259765625,-13.2666625976563,-5.800048828125,-3.75,-5.5,-26.375,-9.4166259765625,19.7333374023438,13.199951171875,29.25,13.5,6.625,9.5833740234375,320.194427490234,236.309936523438,13.3924980163574,135,160.559967041016,64.7988739013672,24.7751407623291,59.0362434387207,29.7448806762695,213.023864746094,205.016891479492,210.963760375977,-6,5,4,6,-21,-5,7,-7,17,-6,-8,-17,-13,-6,-3,-5,-28,-16,20,13,30,14,5,3,90,180,74.0546035766602,22.9836101531982,8.4940881729126,191.799530029297,-4.73333740234375,-2.199951171875,-14.25,-2.5,8.375,1.4166259765625,19.3981952667236,10.0034465789795,218.485244750977,-5,-2,-15,-3,10,8,341.463500976563,107.275985717773,23.466609954834,216.231063842773,-11,3,2,-9,-18,-8,15,11,15,12,24,2.72529835789011,1.95094013156406,3.70516553364161
8,w3,4;98.0,030,9.30809459556573,10.4828729363663,19.6468827043885,18.3847763108502,20.8806130178211,22.2036033111745,20.2484567313166,18.3575597506858,36.2353418639869,13.1529464379659,9.21954445729289,21.0237960416286,9.28119739042329,10.1980390271856,17.7200451466693,9.10442886731507,15.2970585407784,8.94427190999916,18.483523067857,10.770329614269,27.459060435492,18.0732018469335,27.2946881279124,9.4339811320566,16.2788205960997,14.142135623731,17.7200451466693,2.23606797749979,15.0332963783729,8.94427190999916,18.7882942280559,7.21110255092798,27.459060435492,18.6010752377383,29.4108823397055,9.4339811320566,0.927113729473775,8.91884286940282,10.7384928339102,6.39169316594085,10.7778122383312,10.7384928339102,9.89208032955076,8.53544389956909,17.7592812806617,18.6467088202802,312.273681640625,135,261.253845214844,56.3099327087402,63.4349479675293,233.130096435547,202.087173461914,8.22672271728516,14.7435626983643,8.625,3.5,-10.375,-1.5,-19,-5,315,253.300750732422,7.76516580581665,200.224853515625,60.6422462463379,39.4006614685059,-13,13,6,20,-22,-3,19,7,-9,-16,-28,-23,188.746154785156,49.3987045288086,25.3461761474609,13,2,-6,-7,-19,-9,315.545654296875,258.690063476563,343.610473632813,134.443740844727,168.690063476563,63.4349479675293,46.9182815551758,68.1985931396484,33.1113433837891,211.711349487305,208.442932128906,237.994613647461,-6.625,6.5,2,10,-17,5,6.375,-6.5,15,-3,-4,-8,-12.625,-13.5,-4,-10,-23,-15,15.375,9.5,24,13,5,8,312.510437011719,261.869903564453,343.610473632813,153.434951782227,183.814071655273,63.4349479675293,25.2011241912842,56.3099327087402,33.1113433837891,233.746154785156,215.311218261719,237.994613647461,-11,12,2,14,-17,5,2,-1,15,1,-4,-8,-17,-8,-4,-6,-23,-15,11,15,24,17,5,8,315,284.036254882813,180,264.643524169922,16.7939987182617,193.04069519043,-0.375,0.5,-9,-3,10,2,134.268585205078,37.606071472168,193.04069519043,4,-5,-9,-7,10,2,311.374542236328,139.202667236328,45.0877914428711,213.985015869141,-7,7,6,-6,-13,-13,15,10,16,21,17,2.83479128315323,3.02101193775289,2.78195896175624
